-- MySQL dump 10.13  Distrib 5.7.23, for Win64 (x86_64)
--
-- Host: localhost    Database: DiscordBot
-- ------------------------------------------------------
-- Server version	5.7.23

/*!40101 SET @OLD_CHARACTER_SET_CLIENT=@@CHARACTER_SET_CLIENT */;
/*!40101 SET @OLD_CHARACTER_SET_RESULTS=@@CHARACTER_SET_RESULTS */;
/*!40101 SET @OLD_COLLATION_CONNECTION=@@COLLATION_CONNECTION */;
/*!40101 SET NAMES utf8 */;
/*!40103 SET @OLD_TIME_ZONE=@@TIME_ZONE */;
/*!40103 SET TIME_ZONE='+00:00' */;
/*!40014 SET @OLD_UNIQUE_CHECKS=@@UNIQUE_CHECKS, UNIQUE_CHECKS=0 */;
/*!40014 SET @OLD_FOREIGN_KEY_CHECKS=@@FOREIGN_KEY_CHECKS, FOREIGN_KEY_CHECKS=0 */;
/*!40101 SET @OLD_SQL_MODE=@@SQL_MODE, SQL_MODE='NO_AUTO_VALUE_ON_ZERO' */;
/*!40111 SET @OLD_SQL_NOTES=@@SQL_NOTES, SQL_NOTES=0 */;

--
-- Table structure for table `aliases`
--

DROP TABLE IF EXISTS `aliases`;
/*!40101 SET @saved_cs_client     = @@character_set_client */;
/*!40101 SET character_set_client = utf8 */;
CREATE TABLE `aliases` (
  `AliasID` int(11) NOT NULL AUTO_INCREMENT,
  `CommandID` int(11) NOT NULL,
  `Title` varchar(20) NOT NULL,
  PRIMARY KEY (`AliasID`),
  KEY `CommandID` (`CommandID`)
) ENGINE=MyISAM DEFAULT CHARSET=latin1;
/*!40101 SET character_set_client = @saved_cs_client */;

--
-- Dumping data for table `aliases`
--

LOCK TABLES `aliases` WRITE;
/*!40000 ALTER TABLE `aliases` DISABLE KEYS */;
/*!40000 ALTER TABLE `aliases` ENABLE KEYS */;
UNLOCK TABLES;

--
-- Table structure for table `categories`
--

DROP TABLE IF EXISTS `categories`;
/*!40101 SET @saved_cs_client     = @@character_set_client */;
/*!40101 SET character_set_client = utf8 */;
CREATE TABLE `categories` (
  `CategoryID` int(11) NOT NULL AUTO_INCREMENT,
  `Title` varchar(20) NOT NULL,
  PRIMARY KEY (`CategoryID`)
) ENGINE=MyISAM DEFAULT CHARSET=latin1;
/*!40101 SET character_set_client = @saved_cs_client */;

--
-- Dumping data for table `categories`
--

LOCK TABLES `categories` WRITE;
/*!40000 ALTER TABLE `categories` DISABLE KEYS */;
/*!40000 ALTER TABLE `categories` ENABLE KEYS */;
UNLOCK TABLES;

--
-- Table structure for table `collectibles`
--

DROP TABLE IF EXISTS `collectibles`;
/*!40101 SET @saved_cs_client     = @@character_set_client */;
/*!40101 SET character_set_client = utf8 */;
CREATE TABLE `collectibles` (
  `CollectibleID` int(11) NOT NULL AUTO_INCREMENT,
  `ResourceID` int(11) NOT NULL,
  `Name` varchar(20) NOT NULL,
  `Currency` int(11) NOT NULL DEFAULT '0',
  PRIMARY KEY (`CollectibleID`),
  KEY `ResourceID` (`ResourceID`)
) ENGINE=MyISAM DEFAULT CHARSET=latin1;
/*!40101 SET character_set_client = @saved_cs_client */;

--
-- Dumping data for table `collectibles`
--

LOCK TABLES `collectibles` WRITE;
/*!40000 ALTER TABLE `collectibles` DISABLE KEYS */;
/*!40000 ALTER TABLE `collectibles` ENABLE KEYS */;
UNLOCK TABLES;

--
-- Table structure for table `commands`
--

DROP TABLE IF EXISTS `commands`;
/*!40101 SET @saved_cs_client     = @@character_set_client */;
/*!40101 SET character_set_client = utf8 */;
CREATE TABLE `commands` (
  `CommandID` int(11) NOT NULL AUTO_INCREMENT,
  `CategoryID` int(11) NOT NULL,
  `DescriptionID` int(11) NOT NULL,
  `Title` varchar(20) NOT NULL,
  `RequiresArgs` tinyint(1) NOT NULL DEFAULT '1',
  `Argument` varchar(20) DEFAULT NULL,
  PRIMARY KEY (`CommandID`),
  KEY `CategoryID` (`CategoryID`),
  KEY `DescriptionID` (`DescriptionID`)
) ENGINE=MyISAM DEFAULT CHARSET=latin1;
/*!40101 SET character_set_client = @saved_cs_client */;

--
-- Dumping data for table `commands`
--

LOCK TABLES `commands` WRITE;
/*!40000 ALTER TABLE `commands` DISABLE KEYS */;
/*!40000 ALTER TABLE `commands` ENABLE KEYS */;
UNLOCK TABLES;

--
-- Table structure for table `currencytransactions`
--

DROP TABLE IF EXISTS `currencytransactions`;
/*!40101 SET @saved_cs_client     = @@character_set_client */;
/*!40101 SET character_set_client = utf8 */;
CREATE TABLE `currencytransactions` (
  `CreditTransactionID` int(15) NOT NULL AUTO_INCREMENT,
  `FromDiscordUserID` varchar(20) NOT NULL,
  `ToDiscordUserID` varchar(20) NOT NULL,
  `Date` timestamp NOT NULL,
  `Amount` int(11) NOT NULL DEFAULT '0',
  PRIMARY KEY (`CreditTransactionID`)
) ENGINE=MyISAM AUTO_INCREMENT=26 DEFAULT CHARSET=latin1;
/*!40101 SET character_set_client = @saved_cs_client */;

--
-- Dumping data for table `currencytransactions`
--

LOCK TABLES `currencytransactions` WRITE;
/*!40000 ALTER TABLE `currencytransactions` DISABLE KEYS */;
INSERT INTO `currencytransactions` VALUES (1,'0','297609850786021376','2019-03-08 04:45:09',100),(2,'0','297609850786021376','2019-03-08 04:46:53',100),(3,'0','297609850786021376','2019-03-08 04:47:10',100),(4,'0','297609850786021376','2019-03-08 04:47:44',100),(5,'0','297609850786021376','2019-03-08 04:48:20',100),(6,'0','297609850786021376','2019-03-08 04:49:45',100),(7,'0','215213824184156160','2019-03-08 05:13:07',100),(8,'0','309176098590294026','2019-03-08 05:16:06',100),(9,'309176098590294026','297609850786021376','2019-03-08 05:16:42',20),(10,'309176098590294026','297609850786021376','2019-03-08 05:16:42',20),(11,'309176098590294026','297609850786021376','2019-03-08 05:17:57',20),(12,'309176098590294026','297609850786021376','2019-03-08 05:18:10',20),(13,'309176098590294026','297609850786021376','2019-03-08 05:18:44',20),(14,'309176098590294026','297609850786021376','2019-03-08 05:18:59',20),(15,'0','297609850786021376','2019-03-12 18:52:21',200),(16,'297609850786021376','309176098590294026','2019-03-12 18:53:16',1),(17,'0','309176098590294026','2019-03-12 19:10:07',200),(18,'0','215213824184156160','2019-03-12 19:10:14',200),(19,'297609850786021376','309176098590294026','2019-03-12 19:12:55',-300),(20,'297609850786021376','297609850786021376','2019-03-12 19:14:14',500),(21,'297609850786021376','297609850786021376','2019-03-12 19:15:45',500),(22,'0','297609850786021376','2019-03-14 18:19:10',200),(23,'0','309176098590294026','2019-03-14 18:42:58',200),(24,'309176098590294026','297609850786021376','2019-03-15 01:20:37',1),(25,'309176098590294026','215213824184156160','2019-03-15 01:33:39',1);
/*!40000 ALTER TABLE `currencytransactions` ENABLE KEYS */;
UNLOCK TABLES;

--
-- Table structure for table `descriptions`
--

DROP TABLE IF EXISTS `descriptions`;
/*!40101 SET @saved_cs_client     = @@character_set_client */;
/*!40101 SET character_set_client = utf8 */;
CREATE TABLE `descriptions` (
  `DescriptionID` int(11) NOT NULL AUTO_INCREMENT,
  `Title` varchar(200) NOT NULL,
  `ResourceID` int(11) DEFAULT NULL,
  PRIMARY KEY (`DescriptionID`),
  KEY `ResourceID` (`ResourceID`)
) ENGINE=MyISAM DEFAULT CHARSET=latin1;
/*!40101 SET character_set_client = @saved_cs_client */;

--
-- Dumping data for table `descriptions`
--

LOCK TABLES `descriptions` WRITE;
/*!40000 ALTER TABLE `descriptions` DISABLE KEYS */;
/*!40000 ALTER TABLE `descriptions` ENABLE KEYS */;
UNLOCK TABLES;

--
-- Table structure for table `discordusercollectibles`
--

DROP TABLE IF EXISTS `discordusercollectibles`;
/*!40101 SET @saved_cs_client     = @@character_set_client */;
/*!40101 SET character_set_client = utf8 */;
CREATE TABLE `discordusercollectibles` (
  `DiscordUserID` varchar(20) NOT NULL,
  `CollectibleID` int(11) NOT NULL,
  `Date` timestamp NULL DEFAULT NULL,
  KEY `DiscordUserID` (`DiscordUserID`),
  KEY `CollectibleID` (`CollectibleID`)
) ENGINE=MyISAM DEFAULT CHARSET=latin1;
/*!40101 SET character_set_client = @saved_cs_client */;

--
-- Dumping data for table `discordusercollectibles`
--

LOCK TABLES `discordusercollectibles` WRITE;
/*!40000 ALTER TABLE `discordusercollectibles` DISABLE KEYS */;
/*!40000 ALTER TABLE `discordusercollectibles` ENABLE KEYS */;
UNLOCK TABLES;

--
-- Table structure for table `discorduserraffles`
--

DROP TABLE IF EXISTS `discorduserraffles`;
/*!40101 SET @saved_cs_client     = @@character_set_client */;
/*!40101 SET character_set_client = utf8 */;
CREATE TABLE `discorduserraffles` (
  `DiscordUserID` varchar(20) NOT NULL,
  `RaffleID` int(11) NOT NULL,
  `JoinDate` timestamp NOT NULL,
  PRIMARY KEY (`DiscordUserID`,`RaffleID`)
) ENGINE=MyISAM DEFAULT CHARSET=latin1;
/*!40101 SET character_set_client = @saved_cs_client */;

--
-- Dumping data for table `discorduserraffles`
--

LOCK TABLES `discorduserraffles` WRITE;
/*!40000 ALTER TABLE `discorduserraffles` DISABLE KEYS */;
INSERT INTO `discorduserraffles` VALUES ('987654321987654321',1,'2019-03-16 19:09:16'),('309176098590294026',2,'2019-03-16 21:27:24'),('309176098590294026',3,'2019-03-16 21:28:29'),('309176098590294026',4,'2019-03-16 21:31:07'),('309176098590294026',5,'2019-03-16 21:32:26'),('309176098590294026',6,'2019-03-16 21:33:03'),('543168819024101419',2,'2019-03-16 23:24:32'),('309176098590294026',7,'2019-03-17 21:06:04'),('543168819024101419',7,'2019-03-17 21:06:48'),('172002275412279296',7,'2019-03-17 21:07:18'),('309176098590294026',8,'2019-03-17 21:11:06'),('543168819024101419',8,'2019-03-17 21:11:22'),('172002275412279296',8,'2019-03-17 21:11:26'),('309176098590294026',9,'2019-03-17 21:14:12'),('172002275412279296',9,'2019-03-17 21:14:39');
/*!40000 ALTER TABLE `discorduserraffles` ENABLE KEYS */;
UNLOCK TABLES;

--
-- Table structure for table `discordusers`
--

DROP TABLE IF EXISTS `discordusers`;
/*!40101 SET @saved_cs_client     = @@character_set_client */;
/*!40101 SET character_set_client = utf8 */;
CREATE TABLE `discordusers` (
  `DiscordUserID` varchar(20) NOT NULL,
  `UserName` varchar(32) NOT NULL,
  `UserHash` int(4) NOT NULL,
  `Currency` int(11) NOT NULL DEFAULT '0',
  `LastDaily` timestamp NULL DEFAULT NULL,
  `ResourceID` int(11) NOT NULL,
  PRIMARY KEY (`DiscordUserID`)
) ENGINE=MyISAM DEFAULT CHARSET=latin1;
/*!40101 SET character_set_client = @saved_cs_client */;

--
-- Dumping data for table `discordusers`
--

LOCK TABLES `discordusers` WRITE;
/*!40000 ALTER TABLE `discordusers` DISABLE KEYS */;
INSERT INTO `discordusers` VALUES ('551546537923051538','GroupProjectPi',5320,20,'2019-03-14 05:00:00',199),('1','Clyde',0,20,'2019-03-14 05:00:00',200),('172002275412279296','Tatsumaki',8792,0,'2019-03-14 05:00:00',201),('309176098590294026','Nate314',3206,22,'2019-03-14 05:00:00',202),('543168819024101419','c3po',1433,80,'2019-03-14 05:00:00',203),('215213824184156160','Party',3273,20,'2019-03-14 05:00:00',204),('297609850786021376','Endlin',563,20,'2019-03-14 05:00:00',205),('483498760828092416','Gudetama',4779,20,'2019-03-14 05:00:00',206);
/*!40000 ALTER TABLE `discordusers` ENABLE KEYS */;
UNLOCK TABLES;

--
-- Table structure for table `discorduserservers`
--

DROP TABLE IF EXISTS `discorduserservers`;
/*!40101 SET @saved_cs_client     = @@character_set_client */;
/*!40101 SET character_set_client = utf8 */;
CREATE TABLE `discorduserservers` (
  `DiscordUserID` varchar(20) NOT NULL,
  `ServerID` varchar(20) NOT NULL,
  `JoinDate` timestamp NOT NULL,
  PRIMARY KEY (`DiscordUserID`,`ServerID`),
  KEY `ServerID` (`ServerID`)
) ENGINE=MyISAM DEFAULT CHARSET=latin1;
/*!40101 SET character_set_client = @saved_cs_client */;

--
-- Dumping data for table `discorduserservers`
--

LOCK TABLES `discorduserservers` WRITE;
/*!40000 ALTER TABLE `discorduserservers` DISABLE KEYS */;
INSERT INTO `discorduserservers` VALUES ('551546537923051538','515691407772483591','2019-03-03 06:29:13'),('551546537923051538','540715907312254976','2019-03-03 06:29:46'),('1','515691407772483591','2019-03-03 06:29:13'),('1','540715907312254976','2019-03-03 06:29:46'),('172002275412279296','515691407772483591','2019-03-03 06:29:13'),('172002275412279296','540715907312254976','2019-03-03 06:29:46'),('309176098590294026','515691407772483591','2019-03-03 06:29:13'),('309176098590294026','540715907312254976','2019-03-03 06:29:46'),('543168819024101419','515691407772483591','2019-03-03 06:29:13'),('543168819024101419','540715907312254976','2019-03-03 06:29:46'),('215213824184156160','515691407772483591','2019-03-03 06:29:13'),('215213824184156160','540715907312254976','2019-03-03 06:29:46'),('297609850786021376','515691407772483591','2019-03-03 06:29:13'),('297609850786021376','540715907312254976','2019-03-03 06:29:46'),('483498760828092416','515691407772483591','2019-03-03 06:29:13'),('483498760828092416','540715907312254976','2019-03-03 06:29:46'),('543168819024101419','419199752375369729','2019-02-11 09:21:49'),('543168819024101419','543964461699170315','2019-02-10 07:23:40'),('1','419199752375369729','2019-02-11 09:21:49'),('1','543964461699170315','2019-02-10 07:23:40'),('172002275412279296','419199752375369729','2019-02-11 09:21:49'),('172002275412279296','543964461699170315','2019-02-10 07:23:40'),('309176098590294026','419199752375369729','2019-02-11 09:21:49'),('309176098590294026','543964461699170315','2019-02-10 07:23:40'),('551546537923051538','419199752375369729','2019-02-11 09:21:49'),('551546537923051538','543964461699170315','2019-02-10 07:23:40'),('184405311681986560','419199752375369729','2019-02-11 09:21:49'),('184405311681986560','543964461699170315','2019-02-10 07:23:40'),('143833729960247296','419199752375369729','2019-02-11 09:21:49'),('143833729960247296','543964461699170315','2019-02-10 07:23:40'),('116275390695079945','419199752375369729','2019-02-11 09:21:49'),('116275390695079945','543964461699170315','2019-02-10 07:23:40'),('177735619668213760','419199752375369729','2019-02-11 09:21:49'),('177735619668213760','543964461699170315','2019-02-10 07:23:40'),('243401954506702848','419199752375369729','2019-02-11 09:21:49'),('243401954506702848','543964461699170315','2019-02-10 07:23:40'),('243919678148313089','419199752375369729','2019-02-11 09:21:49'),('243919678148313089','543964461699170315','2019-02-10 07:23:40'),('140854970227490816','419199752375369729','2019-02-11 09:21:49'),('140854970227490816','543964461699170315','2019-02-10 07:23:40'),('552260886996189224','419199752375369729','2019-02-11 09:21:49'),('552260886996189224','543964461699170315','2019-02-10 07:23:40'),('134073775925886976','419199752375369729','2019-02-11 09:21:49'),('134073775925886976','543964461699170315','2019-02-10 07:23:40'),('228985039562604554','419199752375369729','2019-02-11 09:21:49'),('228985039562604554','543964461699170315','2019-02-10 07:23:40'),('297609850786021376','419199752375369729','2019-02-11 09:21:49'),('297609850786021376','543964461699170315','2019-02-10 07:23:40'),('190268934451101696','419199752375369729','2019-02-11 09:21:49'),('190268934451101696','543964461699170315','2019-02-10 07:23:40'),('325385208021123073','419199752375369729','2019-02-11 09:21:49'),('325385208021123073','543964461699170315','2019-02-10 07:23:40'),('360164423127662593','419199752375369729','2019-02-11 09:21:49'),('360164423127662593','543964461699170315','2019-02-10 07:23:40'),('443423923799982081','419199752375369729','2019-02-11 09:21:49'),('443423923799982081','543964461699170315','2019-02-10 07:23:40'),('317060470768926720','419199752375369729','2019-02-11 09:21:49'),('317060470768926720','543964461699170315','2019-02-10 07:23:40'),('197165303451353098','419199752375369729','2019-02-11 09:21:49'),('197165303451353098','543964461699170315','2019-02-10 07:23:40'),('489074058110042122','419199752375369729','2019-02-11 09:21:49'),('489074058110042122','543964461699170315','2019-02-10 07:23:40'),('546873073027121152','419199752375369729','2019-02-11 09:21:49'),('546873073027121152','543964461699170315','2019-02-10 07:23:40'),('132228985017860096','419199752375369729','2019-02-11 09:21:49'),('132228985017860096','543964461699170315','2019-02-10 07:23:40'),('215213824184156160','419199752375369729','2019-02-11 09:21:49'),('215213824184156160','543964461699170315','2019-02-10 07:23:40'),('482707048816181279','419199752375369729','2019-02-11 09:21:49'),('482707048816181279','543964461699170315','2019-02-10 07:23:40'),('235088799074484224','419199752375369729','2019-02-11 09:21:49'),('235088799074484224','543964461699170315','2019-02-10 07:23:40'),('140098132833861632','419199752375369729','2019-02-11 09:21:49'),('140098132833861632','543964461699170315','2019-02-10 07:23:40'),('156905092732289024','419199752375369729','2019-02-11 09:21:49'),('156905092732289024','543964461699170315','2019-02-10 07:23:40'),('281615505104699393','419199752375369729','2019-02-11 09:21:49'),('281615505104699393','543964461699170315','2019-02-10 07:23:40'),('164619649684602880','419199752375369729','2019-02-11 09:21:49'),('164619649684602880','543964461699170315','2019-02-10 07:23:40'),('244500547292364800','419199752375369729','2019-02-11 09:21:49'),('244500547292364800','543964461699170315','2019-02-10 07:23:40'),('181939851904548864','419199752375369729','2019-02-11 09:21:49'),('181939851904548864','543964461699170315','2019-02-10 07:23:40'),('161010290295701505','419199752375369729','2019-02-11 09:21:49'),('161010290295701505','543964461699170315','2019-02-10 07:23:40'),('370797630256578561','419199752375369729','2019-02-11 09:21:49'),('370797630256578561','543964461699170315','2019-02-10 07:23:40'),('500496573478993920','419199752375369729','2019-02-11 09:21:49'),('500496573478993920','543964461699170315','2019-02-10 07:23:40'),('489619370801364994','419199752375369729','2019-02-11 09:21:49'),('489619370801364994','543964461699170315','2019-02-10 07:23:40'),('490241845725495336','419199752375369729','2019-02-11 09:21:49'),('490241845725495336','543964461699170315','2019-02-10 07:23:40'),('498689848610258945','419199752375369729','2019-02-11 09:21:49'),('498689848610258945','543964461699170315','2019-02-10 07:23:40'),('489986704074211329','419199752375369729','2019-02-11 09:21:49'),('489986704074211329','543964461699170315','2019-02-10 07:23:40'),('251922216122318850','419199752375369729','2019-02-11 09:21:49'),('251922216122318850','543964461699170315','2019-02-10 07:23:40'),('550465226722639876','419199752375369729','2019-02-11 09:21:49'),('550465226722639876','543964461699170315','2019-02-10 07:23:40'),('191710610524864512','419199752375369729','2019-02-11 09:21:49'),('191710610524864512','543964461699170315','2019-02-10 07:23:40'),('116201946062389250','419199752375369729','2019-02-11 09:21:49'),('116201946062389250','543964461699170315','2019-02-10 07:23:40'),('141656854773235712','419199752375369729','2019-02-11 09:21:49'),('141656854773235712','543964461699170315','2019-02-10 07:23:40'),('361012157858578432','419199752375369729','2019-02-11 09:21:49'),('361012157858578432','543964461699170315','2019-02-10 07:23:40'),('112985646120849408','419199752375369729','2019-02-11 09:21:49'),('112985646120849408','543964461699170315','2019-02-10 07:23:40'),('481923127496933377','419199752375369729','2019-02-11 09:21:49'),('481923127496933377','543964461699170315','2019-02-10 07:23:40'),('309644278131589121','419199752375369729','2019-02-11 09:21:49'),('309644278131589121','543964461699170315','2019-02-10 07:23:40'),('545316333429194772','419199752375369729','2019-02-11 09:21:49'),('545316333429194772','543964461699170315','2019-02-10 07:23:40'),('155149108183695360','419199752375369729','2019-02-11 09:21:49'),('155149108183695360','543964461699170315','2019-02-10 07:23:40'),('545072881818796044','419199752375369729','2019-02-11 09:21:49'),('545072881818796044','543964461699170315','2019-02-10 07:23:40'),('522912901934088234','419199752375369729','2019-02-11 09:21:49'),('522912901934088234','543964461699170315','2019-02-10 07:23:40'),('286332276693008386','419199752375369729','2019-02-11 09:21:49'),('286332276693008386','543964461699170315','2019-02-10 07:23:40'),('481243480455118879','419199752375369729','2019-02-11 09:21:49'),('481243480455118879','543964461699170315','2019-02-10 07:23:40'),('233351190258253826','419199752375369729','2019-02-11 09:21:49'),('233351190258253826','543964461699170315','2019-02-10 07:23:40'),('321855003398766595','419199752375369729','2019-02-11 09:21:49'),('321855003398766595','543964461699170315','2019-02-10 07:23:40'),('540631606239559712','419199752375369729','2019-02-11 09:21:49'),('540631606239559712','543964461699170315','2019-02-10 07:23:40'),('541353420532088835','419199752375369729','2019-02-11 09:21:49'),('541353420532088835','543964461699170315','2019-02-10 07:23:40'),('406930312514371595','419199752375369729','2019-02-11 09:21:49'),('406930312514371595','543964461699170315','2019-02-10 07:23:40'),('481559194450001920','419199752375369729','2019-02-11 09:21:49'),('481559194450001920','543964461699170315','2019-02-10 07:23:40'),('254962299977203712','419199752375369729','2019-02-11 09:21:49'),('254962299977203712','543964461699170315','2019-02-10 07:23:40'),('551052897199063052','419199752375369729','2019-02-11 09:21:49'),('551052897199063052','543964461699170315','2019-02-10 07:23:40'),('484397608501116938','419199752375369729','2019-02-11 09:21:49'),('484397608501116938','543964461699170315','2019-02-10 07:23:40'),('254082818118778882','419199752375369729','2019-02-11 09:21:49'),('254082818118778882','543964461699170315','2019-02-10 07:23:40'),('215239570428526593','419199752375369729','2019-02-11 09:21:49'),('215239570428526593','543964461699170315','2019-02-10 07:23:40'),('411722428272607233','419199752375369729','2019-02-11 09:21:49'),('411722428272607233','543964461699170315','2019-02-10 07:23:40'),('334404016341516288','419199752375369729','2019-02-11 09:21:49'),('334404016341516288','543964461699170315','2019-02-10 07:23:40'),('485822191779184640','419199752375369729','2019-02-11 09:21:49'),('485822191779184640','543964461699170315','2019-02-10 07:23:40'),('496527957217640448','419199752375369729','2019-02-11 09:21:49'),('496527957217640448','543964461699170315','2019-02-10 07:23:40'),('91694141913726976','419199752375369729','2019-02-11 09:21:49'),('91694141913726976','543964461699170315','2019-02-10 07:23:40'),('265216789200371714','419199752375369729','2019-02-11 09:21:49'),('265216789200371714','543964461699170315','2019-02-10 07:23:40'),('200219180216090624','419199752375369729','2019-02-11 09:21:49'),('200219180216090624','543964461699170315','2019-02-10 07:23:40'),('468967740338601994','419199752375369729','2019-02-11 09:21:49'),('468967740338601994','543964461699170315','2019-02-10 07:23:40'),('244183519427821578','419199752375369729','2019-02-11 09:21:49'),('244183519427821578','543964461699170315','2019-02-10 07:23:40'),('302568064682295296','419199752375369729','2019-02-11 09:21:49'),('302568064682295296','543964461699170315','2019-02-10 07:23:40'),('492419865039077387','419199752375369729','2019-02-11 09:21:49'),('492419865039077387','543964461699170315','2019-02-10 07:23:40'),('160105994217586689','419199752375369729','2019-02-11 09:21:49'),('160105994217586689','543964461699170315','2019-02-10 07:23:40'),('202983553909129217','419199752375369729','2019-02-11 09:21:49'),('202983553909129217','543964461699170315','2019-02-10 07:23:40'),('430389118829068288','419199752375369729','2019-02-11 09:21:49'),('430389118829068288','543964461699170315','2019-02-10 07:23:40'),('420975351632625675','419199752375369729','2019-02-11 09:21:49'),('420975351632625675','543964461699170315','2019-02-10 07:23:40'),('421162056423833610','419199752375369729','2019-02-11 09:21:49'),('421162056423833610','543964461699170315','2019-02-10 07:23:40'),('507945115063681024','419199752375369729','2019-02-11 09:21:49'),('507945115063681024','543964461699170315','2019-02-10 07:23:40'),('238765236448919554','419199752375369729','2019-02-11 09:21:49'),('238765236448919554','543964461699170315','2019-02-10 07:23:40'),('492415290655899659','419199752375369729','2019-02-11 09:21:49'),('492415290655899659','543964461699170315','2019-02-10 07:23:40'),('263784611509829632','419199752375369729','2019-02-11 09:21:49'),('263784611509829632','543964461699170315','2019-02-10 07:23:40'),('141710341376704512','419199752375369729','2019-02-11 09:21:49'),('141710341376704512','543964461699170315','2019-02-10 07:23:40'),('121816090803175424','419199752375369729','2019-02-11 09:21:49'),('121816090803175424','543964461699170315','2019-02-10 07:23:40'),('179111766301605888','419199752375369729','2019-02-11 09:21:49'),('179111766301605888','543964461699170315','2019-02-10 07:23:40'),('141710875915583488','419199752375369729','2019-02-11 09:21:49'),('141710875915583488','543964461699170315','2019-02-10 07:23:40'),('112758635339268096','419199752375369729','2019-02-11 09:21:49'),('112758635339268096','543964461699170315','2019-02-10 07:23:40'),('348205766127124480','419199752375369729','2019-02-11 09:21:49'),('348205766127124480','543964461699170315','2019-02-10 07:23:40'),('254415640633409537','419199752375369729','2019-02-11 09:21:49'),('254415640633409537','543964461699170315','2019-02-10 07:23:40'),('360879010533736468','419199752375369729','2019-02-11 09:21:49'),('360879010533736468','543964461699170315','2019-02-10 07:23:40'),('346896370575081482','419199752375369729','2019-02-11 09:21:49'),('346896370575081482','543964461699170315','2019-02-10 07:23:40'),('352521342383292416','419199752375369729','2019-02-11 09:21:49'),('352521342383292416','543964461699170315','2019-02-10 07:23:40'),('386945945167986689','419199752375369729','2019-02-11 09:21:49'),('386945945167986689','543964461699170315','2019-02-10 07:23:40'),('223140707735568386','419199752375369729','2019-02-11 09:21:49'),('223140707735568386','543964461699170315','2019-02-10 07:23:40'),('381836568488574978','419199752375369729','2019-02-11 09:21:49'),('381836568488574978','543964461699170315','2019-02-10 07:23:40'),('255832257519026178','419199752375369729','2019-02-11 09:21:49'),('255832257519026178','543964461699170315','2019-02-10 07:23:40'),('481875948078235673','419199752375369729','2019-02-11 09:21:49'),('481875948078235673','543964461699170315','2019-02-10 07:23:40'),('419231976982052866','419199752375369729','2019-02-11 09:21:49'),('419231976982052866','543964461699170315','2019-02-10 07:23:40'),('112711072879767552','419199752375369729','2019-02-11 09:21:49'),('112711072879767552','543964461699170315','2019-02-10 07:23:40'),('186677127830044672','419199752375369729','2019-02-11 09:21:49'),('186677127830044672','543964461699170315','2019-02-10 07:23:40'),('506505511995179019','419199752375369729','2019-02-11 09:21:49'),('506505511995179019','543964461699170315','2019-02-10 07:23:40'),('479405534060085252','419199752375369729','2019-02-11 09:21:49'),('479405534060085252','543964461699170315','2019-02-10 07:23:40'),('481545920882802699','419199752375369729','2019-02-11 09:21:49'),('481545920882802699','543964461699170315','2019-02-10 07:23:40'),('481490949306974209','419199752375369729','2019-02-11 09:21:49'),('481490949306974209','543964461699170315','2019-02-10 07:23:40');
/*!40000 ALTER TABLE `discorduserservers` ENABLE KEYS */;
UNLOCK TABLES;

--
-- Table structure for table `discordusersocialmedias`
--

DROP TABLE IF EXISTS `discordusersocialmedias`;
/*!40101 SET @saved_cs_client     = @@character_set_client */;
/*!40101 SET character_set_client = utf8 */;
CREATE TABLE `discordusersocialmedias` (
  `DiscordUserID` varchar(20) NOT NULL,
  `SocialMediaID` int(11) NOT NULL,
  `Handle` varchar(200) NOT NULL,
  KEY `DiscordUserID` (`DiscordUserID`),
  KEY `SocialMediaID` (`SocialMediaID`)
) ENGINE=MyISAM DEFAULT CHARSET=latin1;
/*!40101 SET character_set_client = @saved_cs_client */;

--
-- Dumping data for table `discordusersocialmedias`
--

LOCK TABLES `discordusersocialmedias` WRITE;
/*!40000 ALTER TABLE `discordusersocialmedias` DISABLE KEYS */;
/*!40000 ALTER TABLE `discordusersocialmedias` ENABLE KEYS */;
UNLOCK TABLES;

--
-- Table structure for table `raffles`
--

DROP TABLE IF EXISTS `raffles`;
/*!40101 SET @saved_cs_client     = @@character_set_client */;
/*!40101 SET character_set_client = utf8 */;
CREATE TABLE `raffles` (
  `RaffleID` int(11) NOT NULL AUTO_INCREMENT,
  `ServerID` varchar(20) NOT NULL,
  `Name` varchar(50) NOT NULL,
  `EndTime` timestamp NULL DEFAULT NULL,
  `Currency` int(11) NOT NULL DEFAULT '0',
  `DiscordUserID` varchar(20) NOT NULL,
  PRIMARY KEY (`RaffleID`,`ServerID`),
  UNIQUE KEY `Name_UNIQUE` (`Name`),
  KEY `ServerID` (`ServerID`)
) ENGINE=MyISAM AUTO_INCREMENT=10 DEFAULT CHARSET=latin1;
/*!40101 SET character_set_client = @saved_cs_client */;

--
-- Dumping data for table `raffles`
--

LOCK TABLES `raffles` WRITE;
/*!40000 ALTER TABLE `raffles` DISABLE KEYS */;
INSERT INTO `raffles` VALUES (1,'123456789123456789','NAME','2019-03-17 19:08:05',100,'987654321987654321'),(9,'540715907312254976','Different','2019-03-18 21:14:11',30,'309176098590294026'),(5,'540715907312254976','NAME5','2019-03-17 21:32:25',1,'309176098590294026'),(6,'540715907312254976','NAME6','2019-03-17 21:33:02',9,'309176098590294026');
/*!40000 ALTER TABLE `raffles` ENABLE KEYS */;
UNLOCK TABLES;

--
-- Table structure for table `resources`
--

DROP TABLE IF EXISTS `resources`;
/*!40101 SET @saved_cs_client     = @@character_set_client */;
/*!40101 SET character_set_client = utf8 */;
CREATE TABLE `resources` (
  `ResourceID` int(11) NOT NULL AUTO_INCREMENT,
  `Link` varchar(2000) DEFAULT NULL,
  PRIMARY KEY (`ResourceID`)
) ENGINE=MyISAM AUTO_INCREMENT=615 DEFAULT CHARSET=latin1;
/*!40101 SET character_set_client = @saved_cs_client */;

--
-- Dumping data for table `resources`
--

LOCK TABLES `resources` WRITE;
/*!40000 ALTER TABLE `resources` DISABLE KEYS */;
INSERT INTO `resources` VALUES (1,'https://cdn2.iconfinder.com/data/icons/social-media-applications/64/social_media_applications_1-facebook-256.png'),(2,'https://cdn2.iconfinder.com/data/icons/social-media-applications/64/social_media_applications_6-twitter-256.png'),(3,'https://cdn2.iconfinder.com/data/icons/social-media-applications/64/social_media_applications_3-instagram-256.png'),(4,'https://cdn2.iconfinder.com/data/icons/social-media-applications/64/social_media_applications_7-snapchat-256.png'),(5,'https://cdn1.iconfinder.com/data/icons/logotypes/32/youtube-256.png'),(6,'https://cdn2.iconfinder.com/data/icons/social-media-applications/64/social_media_applications_20-reddit-256.png'),(7,'https://cdn2.iconfinder.com/data/icons/social-media-applications/64/social_media_applications_14-linkedin-256.png'),(8,'https://cdn2.iconfinder.com/data/icons/gaming-platforms-logo-shapes/250/discord_logo-256.png'),(9,'https://cdn.discordapp.com/avatars/309176098590294026/620608a6e942f2da95e3899a0aa5822c.jpg'),(10,'https://cdn.discordapp.com/avatars/309176098590294026/620608a6e942f2da95e3899a0aa5822c.jpg'),(22,'https://discordapp.com/channels/419199752375369729/483039121757962250/551254134800646147'),(21,'https://discordapp.com/channels/419199752375369729/483039121757962250/551254134800646147'),(20,'https://discordapp.com/channels/419199752375369729/483039121757962250/551254134800646147'),(19,'https://discordapp.com/channels/419199752375369729/483039121757962250/551254134800646147'),(18,'https://discordapp.com/channels/419199752375369729/483039121757962250/551254134800646147'),(23,'https://discordapp.com/channels/419199752375369729/483039121757962250/551254134800646147'),(24,'https://discordapp.com/channels/419199752375369729/483039121757962250/551254134800646147'),(25,'https://discordapp.com/channels/419199752375369729/483039121757962250/551254134800646147'),(26,'https://discordapp.com/channels/419199752375369729/483039121757962250/551254134800646147'),(27,'https://cdn.discordapp.com/avatars/483498760828092416/065f5cab9a620d10263d36027a3e6d09.png?size=2048'),(28,'https://discordapp.com/assets/f78426a064bc9dd24847519259bc42af.png'),(29,'https://cdn.discordapp.com/avatars/215213824184156160/e2a7eede2ff143f82a9c9b40462e16f2.png?size=2048'),(30,'https://cdn.discordapp.com/avatars/297609850786021376/3248f8d74ec6c0539011befab407f965.png?size=2048'),(31,'https://cdn.discordapp.com/avatars/309176098590294026/531d8879a9929364290785323c02948e.png?size=2048'),(32,'https://cdn.discordapp.com/avatars/551546537923051538/d5a240081a1d4ab0ae32273d39d9c989.png?size=2048'),(33,'https://cdn.discordapp.com/avatars/483498760828092416/065f5cab9a620d10263d36027a3e6d09.png?size=2048'),(34,'https://discordapp.com/assets/f78426a064bc9dd24847519259bc42af.png'),(35,'https://cdn.discordapp.com/avatars/215213824184156160/e2a7eede2ff143f82a9c9b40462e16f2.png?size=2048'),(36,'https://cdn.discordapp.com/avatars/297609850786021376/3248f8d74ec6c0539011befab407f965.png?size=2048'),(37,'https://cdn.discordapp.com/avatars/309176098590294026/531d8879a9929364290785323c02948e.png?size=2048'),(38,'https://cdn.discordapp.com/avatars/551546537923051538/d5a240081a1d4ab0ae32273d39d9c989.png?size=2048'),(39,'https://cdn.discordapp.com/avatars/483498760828092416/065f5cab9a620d10263d36027a3e6d09.png?size=2048'),(40,'https://discordapp.com/assets/f78426a064bc9dd24847519259bc42af.png'),(41,'https://cdn.discordapp.com/avatars/215213824184156160/e2a7eede2ff143f82a9c9b40462e16f2.png?size=2048'),(42,'https://cdn.discordapp.com/avatars/297609850786021376/3248f8d74ec6c0539011befab407f965.png?size=2048'),(43,'https://cdn.discordapp.com/avatars/309176098590294026/531d8879a9929364290785323c02948e.png?size=2048'),(44,'https://cdn.discordapp.com/avatars/551546537923051538/d5a240081a1d4ab0ae32273d39d9c989.png?size=2048'),(45,'https://discordapp.com/assets/f78426a064bc9dd24847519259bc42af.png'),(46,'https://cdn.discordapp.com/avatars/172002275412279296/f5f65755f67ae1dc88d9bb271d0f5bef.png?size=2048'),(47,'https://cdn.discordapp.com/avatars/543168819024101419/31675997e0d896ce742253b854e6fabb.png?size=2048'),(48,'https://cdn.discordapp.com/avatars/184405311681986560/2f59c39ca00ffeb826d38e97bb199484.png?size=2048'),(49,'https://cdn.discordapp.com/avatars/143833729960247296/02570b5b3f62041cea713dcb3807f0a3.png?size=2048'),(50,'https://cdn.discordapp.com/avatars/116275390695079945/0de545b2efc0baeda0fbf458f3f884dc.png?size=2048'),(51,'https://cdn.discordapp.com/avatars/177735619668213760/54a8bd97752cff38269325cc31007b45.png?size=2048'),(52,'https://cdn.discordapp.com/avatars/243401954506702848/84aa0e64f1597ec5aac622d97b817cb5.png?size=2048'),(53,'https://cdn.discordapp.com/avatars/243919678148313089/e61e3fd9deedf3f3c04f46ed82b32e54.png?size=2048'),(54,'https://cdn.discordapp.com/avatars/140854970227490816/405c519daa397a3faf369efb3f2aa1b3.png?size=2048'),(55,'https://discordapp.com/assets/0e291f67c9274a1abdddeb3fd919cbaa.png'),(56,'https://cdn.discordapp.com/avatars/134073775925886976/970d33bddeb40f9b7a20f7524a6b07f5.png?size=2048'),(57,'https://cdn.discordapp.com/avatars/228985039562604554/5c25c1529fd7ab1a5afbd422e9c7eb2b.png?size=2048'),(58,'https://cdn.discordapp.com/avatars/190268934451101696/d56f3ec2c7cb291d1e1dcad1eb4ef369.png?size=2048'),(59,'https://cdn.discordapp.com/avatars/325385208021123073/59edd495198c0fc17fa620a0e9adb7a1.png?size=2048'),(60,'https://cdn.discordapp.com/avatars/360164423127662593/a_5aebf3ef0dc92f1c492f1b02a883ffd3.gif'),(61,'https://cdn.discordapp.com/avatars/443423923799982081/ce6362fa62bf966f23e7a8e83575f1ea.png?size=2048'),(62,'https://cdn.discordapp.com/avatars/317060470768926720/42ef5b49e79d25f0842800d876486ab7.png?size=2048'),(63,'https://cdn.discordapp.com/avatars/197165303451353098/2d952387f5c452552d4afc3d5e5382d6.png?size=2048'),(64,'https://discordapp.com/assets/1cbd08c76f8af6dddce02c5138971129.png'),(65,'https://discordapp.com/assets/dd4dbc0016779df1378e7812eabaa04d.png'),(66,'https://cdn.discordapp.com/avatars/132228985017860096/9037203456ee2068a290eebbffe9e762.png?size=2048'),(67,'https://cdn.discordapp.com/avatars/482707048816181279/7dd596371ddd33f03cad0d2a5efbbd01.png?size=2048'),(68,'https://cdn.discordapp.com/avatars/235088799074484224/16c197c4c3f0eb808f9bceb6e1075e71.png?size=2048'),(69,'https://discordapp.com/assets/322c936a8c8be1b803cd94861bdfa868.png'),(70,'https://cdn.discordapp.com/avatars/156905092732289024/b6e09ef18c3205281bbf07688349f9bb.png?size=2048'),(71,'https://cdn.discordapp.com/avatars/281615505104699393/4597e0171fb66cbb9f087ce9d64f9193.png?size=2048'),(72,'https://cdn.discordapp.com/avatars/164619649684602880/811ec1855187e5bce69ba6ac5a09b56a.png?size=2048'),(73,'https://cdn.discordapp.com/avatars/244500547292364800/9545afe43d2c03ab191405d1723b4825.png?size=2048'),(74,'https://cdn.discordapp.com/avatars/181939851904548864/702596512f68f39e14074ca2f1d67f03.png?size=2048'),(75,'https://cdn.discordapp.com/avatars/161010290295701505/cf23d23c8b9cea85f0164e51a0b9ef33.png?size=2048'),(76,'https://cdn.discordapp.com/avatars/370797630256578561/a54c08774c7105d8a4c5e2a940486d95.png?size=2048'),(77,'https://cdn.discordapp.com/avatars/500496573478993920/51dfb1fb222233550dd2d913db2713b9.png?size=2048'),(78,'https://discordapp.com/assets/322c936a8c8be1b803cd94861bdfa868.png'),(79,'https://discordapp.com/assets/0e291f67c9274a1abdddeb3fd919cbaa.png'),(80,'https://discordapp.com/assets/dd4dbc0016779df1378e7812eabaa04d.png'),(81,'https://discordapp.com/assets/dd4dbc0016779df1378e7812eabaa04d.png'),(82,'https://cdn.discordapp.com/avatars/251922216122318850/2eab39af4d8b7349b6bf7b9fc8e06a50.png?size=2048'),(83,'https://discordapp.com/assets/0e291f67c9274a1abdddeb3fd919cbaa.png'),(84,'https://cdn.discordapp.com/avatars/191710610524864512/184e58ca651f2f1876589b99854ea124.png?size=2048'),(85,'https://cdn.discordapp.com/avatars/116201946062389250/84bcfbdebf73cce519e317dd9196676c.png?size=2048'),(86,'https://cdn.discordapp.com/avatars/141656854773235712/56a873a8ea5668f186fc69efbbdea304.png?size=2048'),(87,'https://discordapp.com/assets/6debd47ed13483642cf09e832ed0bc1b.png'),(88,'https://cdn.discordapp.com/avatars/112985646120849408/6c31a6741749c44c8bc1bdcca1f18c71.png?size=2048'),(89,'https://discordapp.com/assets/1cbd08c76f8af6dddce02c5138971129.png'),(90,'https://cdn.discordapp.com/avatars/309644278131589121/f78bad9d72d017fcdb435b5dace62c3f.png?size=2048'),(91,'https://discordapp.com/assets/1cbd08c76f8af6dddce02c5138971129.png'),(92,'https://cdn.discordapp.com/avatars/155149108183695360/3ac2fbefebd4de9ffeefcb0f2cb15ecd.png?size=2048'),(93,'https://cdn.discordapp.com/avatars/545072881818796044/9055fee2f62953b711afe92dd1f197a5.png?size=2048'),(94,'https://discordapp.com/assets/0e291f67c9274a1abdddeb3fd919cbaa.png'),(95,'https://cdn.discordapp.com/avatars/286332276693008386/4bf2c54f8744fabab563d1ffffad6c9c.png?size=2048'),(96,'https://cdn.discordapp.com/avatars/481243480455118879/67b3a836c8ca37b18f9ca64bf404685d.png?size=2048'),(97,'https://cdn.discordapp.com/avatars/233351190258253826/1b97a86758ab4915eb36084330b96a32.png?size=2048'),(98,'https://discordapp.com/assets/322c936a8c8be1b803cd94861bdfa868.png'),(99,'https://discordapp.com/assets/0e291f67c9274a1abdddeb3fd919cbaa.png'),(100,'https://discordapp.com/assets/322c936a8c8be1b803cd94861bdfa868.png'),(101,'https://cdn.discordapp.com/avatars/406930312514371595/91c8a96ccaaa1c45c3a2cee957992b12.png?size=2048'),(102,'https://discordapp.com/assets/0e291f67c9274a1abdddeb3fd919cbaa.png'),(103,'https://cdn.discordapp.com/avatars/254962299977203712/2bbe49fe5de0c803d633dc87e2884edd.png?size=2048'),(104,'https://discordapp.com/assets/0e291f67c9274a1abdddeb3fd919cbaa.png'),(105,'https://cdn.discordapp.com/avatars/484397608501116938/6cbf15c365b5c924d78dbe238f5590a2.png?size=2048'),(106,'https://cdn.discordapp.com/avatars/254082818118778882/fd888bd1952f76957836da7ef30da9f0.png?size=2048'),(107,'https://cdn.discordapp.com/avatars/215239570428526593/c16589d8007cbb0fc51f3670edff3e5f.png?size=2048'),(108,'https://cdn.discordapp.com/avatars/411722428272607233/982fc12b0dbfb8827d92c83b31eaa26e.png?size=2048'),(109,'https://cdn.discordapp.com/avatars/334404016341516288/c25187230b1b2c7023e032aa44cd72c9.png?size=2048'),(110,'https://cdn.discordapp.com/avatars/485822191779184640/6c5a5397ff9b1be8c41ef67773c6e3a4.png?size=2048'),(111,'https://cdn.discordapp.com/avatars/496527957217640448/3db5bbf0197a73fdff59b82980c69f8b.png?size=2048'),(112,'https://cdn.discordapp.com/avatars/91694141913726976/9965f415b825790c01ec2849ac4bbfd5.png?size=2048'),(113,'https://cdn.discordapp.com/avatars/265216789200371714/ce0fdc549c1d410be640606b4122ec33.png?size=2048'),(114,'https://cdn.discordapp.com/avatars/200219180216090624/f2d70dd9f3f8a6902fad28990e46d84c.png?size=2048'),(115,'https://cdn.discordapp.com/avatars/468967740338601994/42eecd41aa8743971ee254045f74c325.png?size=2048'),(116,'https://cdn.discordapp.com/avatars/244183519427821578/d0960913067946d947c4bd56cf03c6eb.png?size=2048'),(117,'https://discordapp.com/assets/1cbd08c76f8af6dddce02c5138971129.png'),(118,'https://discordapp.com/assets/322c936a8c8be1b803cd94861bdfa868.png'),(119,'https://cdn.discordapp.com/avatars/160105994217586689/34e17c6e9367c015dfe36fa3cd8b47e5.png?size=2048'),(120,'https://discordapp.com/assets/dd4dbc0016779df1378e7812eabaa04d.png'),(121,'https://cdn.discordapp.com/avatars/430389118829068288/52e95f205508b7f25ce503ad97edc2da.png?size=2048'),(122,'https://cdn.discordapp.com/avatars/420975351632625675/8f8990669574ee8a96fff5729ba2fa6f.png?size=2048'),(123,'https://discordapp.com/assets/0e291f67c9274a1abdddeb3fd919cbaa.png'),(124,'https://cdn.discordapp.com/avatars/507945115063681024/20b41eff7be8743feeddba6b5ab05ae1.png?size=2048'),(125,'https://cdn.discordapp.com/avatars/238765236448919554/be3cdcb1ab7070fb973cce081446639f.png?size=2048'),(126,'https://discordapp.com/assets/6debd47ed13483642cf09e832ed0bc1b.png'),(127,'https://cdn.discordapp.com/avatars/263784611509829632/c883fc60f18d44f8cf9eb3e4672025e0.png?size=2048'),(128,'https://cdn.discordapp.com/avatars/141710341376704512/0421293ecda230c13b43895da1f3530a.png?size=2048'),(129,'https://cdn.discordapp.com/avatars/121816090803175424/503d744a8fedbb8df7f869699afda9b1.png?size=2048'),(130,'https://cdn.discordapp.com/avatars/179111766301605888/17e3bb4c3f5161a1f2d8bb6fdd4785bf.png?size=2048'),(131,'https://cdn.discordapp.com/avatars/141710875915583488/64822d39a7cfba8d1d07e8c93a5e93a1.png?size=2048'),(132,'https://cdn.discordapp.com/avatars/112758635339268096/6ac2a64d8c523eb24d4c555ed27c89a6.png?size=2048'),(133,'https://cdn.discordapp.com/avatars/348205766127124480/0275f072591a0aba920087ca942a8ce9.png?size=2048'),(134,'https://cdn.discordapp.com/avatars/254415640633409537/914f76596e5031d0952ef8cc36beb062.png?size=2048'),(135,'https://cdn.discordapp.com/avatars/360879010533736468/73248488cc98c22a132d3412ae8e47ae.png?size=2048'),(136,'https://cdn.discordapp.com/avatars/346896370575081482/b78e08b853764ce1e9e8e7ef462df251.png?size=2048'),(137,'https://cdn.discordapp.com/avatars/352521342383292416/040095274558e0ae14a8db57130b8951.png?size=2048'),(138,'https://discordapp.com/assets/dd4dbc0016779df1378e7812eabaa04d.png'),(139,'https://cdn.discordapp.com/avatars/223140707735568386/eb0d720b348f871b4e7bed5d726dbce0.png?size=2048'),(140,'https://discordapp.com/assets/dd4dbc0016779df1378e7812eabaa04d.png'),(141,'https://cdn.discordapp.com/avatars/255832257519026178/56d1cfd17fe9f4674b9fa32c588ae649.png?size=2048'),(142,'https://discordapp.com/assets/dd4dbc0016779df1378e7812eabaa04d.png'),(143,'https://discordapp.com/assets/6debd47ed13483642cf09e832ed0bc1b.png'),(144,'https://cdn.discordapp.com/avatars/112711072879767552/fc4588b24bd283c8515c8e740dbefc07.png?size=2048'),(145,'https://cdn.discordapp.com/avatars/186677127830044672/98bf3f4cf98995006a862da9fdcbd18a.png?size=2048'),(146,'https://discordapp.com/assets/0e291f67c9274a1abdddeb3fd919cbaa.png'),(147,'https://discordapp.com/assets/6debd47ed13483642cf09e832ed0bc1b.png'),(148,'https://cdn.discordapp.com/avatars/481545920882802699/be5d1ac1de81ef71ae4f7e90ba153727.png?size=2048'),(149,'https://discordapp.com/assets/6debd47ed13483642cf09e832ed0bc1b.png'),(150,'https://cdn.discordapp.com/avatars/551546537923051538/d5a240081a1d4ab0ae32273d39d9c989.png?size=2048'),(151,'https://discordapp.com/assets/f78426a064bc9dd24847519259bc42af.png'),(152,'https://cdn.discordapp.com/avatars/172002275412279296/f5f65755f67ae1dc88d9bb271d0f5bef.png?size=2048'),(153,'https://cdn.discordapp.com/avatars/309176098590294026/531d8879a9929364290785323c02948e.png?size=2048'),(154,'https://cdn.discordapp.com/avatars/543168819024101419/31675997e0d896ce742253b854e6fabb.png?size=2048'),(155,'https://cdn.discordapp.com/avatars/215213824184156160/dee42a7a79514de481f030e14e1d02db.png?size=2048'),(156,'https://cdn.discordapp.com/avatars/297609850786021376/307ef143311cdedfd22cdcd214411c19.png?size=2048'),(157,'https://cdn.discordapp.com/avatars/483498760828092416/065f5cab9a620d10263d36027a3e6d09.png?size=2048'),(166,'https://cdn.discordapp.com/avatars/551546537923051538/d5a240081a1d4ab0ae32273d39d9c989.png?size=2048'),(167,'https://discordapp.com/assets/f78426a064bc9dd24847519259bc42af.png'),(172,'https://cdn.discordapp.com/avatars/172002275412279296/f5f65755f67ae1dc88d9bb271d0f5bef.png?size=2048'),(170,'https://cdn.discordapp.com/avatars/309176098590294026/531d8879a9929364290785323c02948e.png?size=2048'),(173,'https://cdn.discordapp.com/avatars/543168819024101419/31675997e0d896ce742253b854e6fabb.png?size=2048'),(168,'https://cdn.discordapp.com/avatars/215213824184156160/dee42a7a79514de481f030e14e1d02db.png?size=2048'),(169,'https://cdn.discordapp.com/avatars/297609850786021376/307ef143311cdedfd22cdcd214411c19.png?size=2048'),(171,'https://cdn.discordapp.com/avatars/483498760828092416/065f5cab9a620d10263d36027a3e6d09.png?size=2048'),(174,'https://cdn.discordapp.com/avatars/551546537923051538/d5a240081a1d4ab0ae32273d39d9c989.png?size=2048'),(199,'https://cdn.discordapp.com/avatars/551546537923051538/d5a240081a1d4ab0ae32273d39d9c989.png?size=2048'),(200,'https://discordapp.com/assets/f78426a064bc9dd24847519259bc42af.png'),(201,'https://cdn.discordapp.com/avatars/172002275412279296/f5f65755f67ae1dc88d9bb271d0f5bef.png?size=2048'),(202,'https://cdn.discordapp.com/avatars/309176098590294026/531d8879a9929364290785323c02948e.png?size=2048'),(203,'https://cdn.discordapp.com/avatars/543168819024101419/31675997e0d896ce742253b854e6fabb.png?size=2048'),(204,'https://cdn.discordapp.com/avatars/215213824184156160/dee42a7a79514de481f030e14e1d02db.png?size=2048'),(205,'https://cdn.discordapp.com/avatars/297609850786021376/307ef143311cdedfd22cdcd214411c19.png?size=2048'),(206,'https://cdn.discordapp.com/avatars/483498760828092416/065f5cab9a620d10263d36027a3e6d09.png?size=2048'),(207,'https://cdn.discordapp.com/avatars/184405311681986560/2f59c39ca00ffeb826d38e97bb199484.png?size=2048'),(208,'https://cdn.discordapp.com/avatars/143833729960247296/02570b5b3f62041cea713dcb3807f0a3.png?size=2048'),(209,'https://cdn.discordapp.com/avatars/116275390695079945/0de545b2efc0baeda0fbf458f3f884dc.png?size=2048'),(210,'https://cdn.discordapp.com/avatars/177735619668213760/54a8bd97752cff38269325cc31007b45.png?size=2048'),(211,'https://cdn.discordapp.com/avatars/243401954506702848/84aa0e64f1597ec5aac622d97b817cb5.png?size=2048'),(212,'https://cdn.discordapp.com/avatars/243919678148313089/e61e3fd9deedf3f3c04f46ed82b32e54.png?size=2048'),(213,'https://cdn.discordapp.com/avatars/140854970227490816/405c519daa397a3faf369efb3f2aa1b3.png?size=2048'),(214,'https://discordapp.com/assets/0e291f67c9274a1abdddeb3fd919cbaa.png'),(215,'https://cdn.discordapp.com/avatars/134073775925886976/970d33bddeb40f9b7a20f7524a6b07f5.png?size=2048'),(216,'https://cdn.discordapp.com/avatars/228985039562604554/5c25c1529fd7ab1a5afbd422e9c7eb2b.png?size=2048'),(217,'https://cdn.discordapp.com/avatars/190268934451101696/d56f3ec2c7cb291d1e1dcad1eb4ef369.png?size=2048'),(218,'https://cdn.discordapp.com/avatars/325385208021123073/59edd495198c0fc17fa620a0e9adb7a1.png?size=2048'),(219,'https://cdn.discordapp.com/avatars/360164423127662593/a_5aebf3ef0dc92f1c492f1b02a883ffd3.gif'),(220,'https://cdn.discordapp.com/avatars/443423923799982081/ce6362fa62bf966f23e7a8e83575f1ea.png?size=2048'),(221,'https://cdn.discordapp.com/avatars/317060470768926720/42ef5b49e79d25f0842800d876486ab7.png?size=2048'),(222,'https://cdn.discordapp.com/avatars/197165303451353098/2d952387f5c452552d4afc3d5e5382d6.png?size=2048'),(223,'https://discordapp.com/assets/1cbd08c76f8af6dddce02c5138971129.png'),(224,'https://discordapp.com/assets/dd4dbc0016779df1378e7812eabaa04d.png'),(225,'https://cdn.discordapp.com/avatars/132228985017860096/9037203456ee2068a290eebbffe9e762.png?size=2048'),(226,'https://cdn.discordapp.com/avatars/482707048816181279/7dd596371ddd33f03cad0d2a5efbbd01.png?size=2048'),(227,'https://cdn.discordapp.com/avatars/235088799074484224/16c197c4c3f0eb808f9bceb6e1075e71.png?size=2048'),(228,'https://discordapp.com/assets/322c936a8c8be1b803cd94861bdfa868.png'),(229,'https://cdn.discordapp.com/avatars/156905092732289024/b6e09ef18c3205281bbf07688349f9bb.png?size=2048'),(230,'https://cdn.discordapp.com/avatars/281615505104699393/4597e0171fb66cbb9f087ce9d64f9193.png?size=2048'),(231,'https://cdn.discordapp.com/avatars/164619649684602880/811ec1855187e5bce69ba6ac5a09b56a.png?size=2048'),(232,'https://cdn.discordapp.com/avatars/244500547292364800/9545afe43d2c03ab191405d1723b4825.png?size=2048'),(233,'https://cdn.discordapp.com/avatars/181939851904548864/702596512f68f39e14074ca2f1d67f03.png?size=2048'),(234,'https://cdn.discordapp.com/avatars/161010290295701505/cf23d23c8b9cea85f0164e51a0b9ef33.png?size=2048'),(235,'https://cdn.discordapp.com/avatars/370797630256578561/a54c08774c7105d8a4c5e2a940486d95.png?size=2048'),(236,'https://cdn.discordapp.com/avatars/500496573478993920/51dfb1fb222233550dd2d913db2713b9.png?size=2048'),(237,'https://discordapp.com/assets/322c936a8c8be1b803cd94861bdfa868.png'),(238,'https://discordapp.com/assets/0e291f67c9274a1abdddeb3fd919cbaa.png'),(239,'https://discordapp.com/assets/dd4dbc0016779df1378e7812eabaa04d.png'),(240,'https://discordapp.com/assets/dd4dbc0016779df1378e7812eabaa04d.png'),(241,'https://cdn.discordapp.com/avatars/251922216122318850/2eab39af4d8b7349b6bf7b9fc8e06a50.png?size=2048'),(242,'https://discordapp.com/assets/0e291f67c9274a1abdddeb3fd919cbaa.png'),(243,'https://cdn.discordapp.com/avatars/191710610524864512/184e58ca651f2f1876589b99854ea124.png?size=2048'),(244,'https://cdn.discordapp.com/avatars/116201946062389250/84bcfbdebf73cce519e317dd9196676c.png?size=2048'),(245,'https://cdn.discordapp.com/avatars/141656854773235712/56a873a8ea5668f186fc69efbbdea304.png?size=2048'),(246,'https://discordapp.com/assets/6debd47ed13483642cf09e832ed0bc1b.png'),(247,'https://cdn.discordapp.com/avatars/112985646120849408/6c31a6741749c44c8bc1bdcca1f18c71.png?size=2048'),(248,'https://discordapp.com/assets/1cbd08c76f8af6dddce02c5138971129.png'),(249,'https://cdn.discordapp.com/avatars/309644278131589121/f78bad9d72d017fcdb435b5dace62c3f.png?size=2048'),(250,'https://discordapp.com/assets/1cbd08c76f8af6dddce02c5138971129.png'),(251,'https://cdn.discordapp.com/avatars/155149108183695360/3ac2fbefebd4de9ffeefcb0f2cb15ecd.png?size=2048'),(252,'https://cdn.discordapp.com/avatars/545072881818796044/9055fee2f62953b711afe92dd1f197a5.png?size=2048'),(253,'https://discordapp.com/assets/0e291f67c9274a1abdddeb3fd919cbaa.png'),(254,'https://cdn.discordapp.com/avatars/286332276693008386/4bf2c54f8744fabab563d1ffffad6c9c.png?size=2048'),(255,'https://cdn.discordapp.com/avatars/481243480455118879/67b3a836c8ca37b18f9ca64bf404685d.png?size=2048'),(256,'https://cdn.discordapp.com/avatars/233351190258253826/1b97a86758ab4915eb36084330b96a32.png?size=2048'),(257,'https://discordapp.com/assets/322c936a8c8be1b803cd94861bdfa868.png'),(258,'https://discordapp.com/assets/0e291f67c9274a1abdddeb3fd919cbaa.png'),(259,'https://discordapp.com/assets/322c936a8c8be1b803cd94861bdfa868.png'),(260,'https://cdn.discordapp.com/avatars/406930312514371595/91c8a96ccaaa1c45c3a2cee957992b12.png?size=2048'),(261,'https://discordapp.com/assets/0e291f67c9274a1abdddeb3fd919cbaa.png'),(262,'https://cdn.discordapp.com/avatars/254962299977203712/2bbe49fe5de0c803d633dc87e2884edd.png?size=2048'),(263,'https://discordapp.com/assets/0e291f67c9274a1abdddeb3fd919cbaa.png'),(264,'https://cdn.discordapp.com/avatars/484397608501116938/6cbf15c365b5c924d78dbe238f5590a2.png?size=2048'),(265,'https://cdn.discordapp.com/avatars/254082818118778882/fd888bd1952f76957836da7ef30da9f0.png?size=2048'),(266,'https://cdn.discordapp.com/avatars/215239570428526593/c16589d8007cbb0fc51f3670edff3e5f.png?size=2048'),(267,'https://cdn.discordapp.com/avatars/411722428272607233/982fc12b0dbfb8827d92c83b31eaa26e.png?size=2048'),(268,'https://cdn.discordapp.com/avatars/334404016341516288/c25187230b1b2c7023e032aa44cd72c9.png?size=2048'),(269,'https://cdn.discordapp.com/avatars/485822191779184640/6c5a5397ff9b1be8c41ef67773c6e3a4.png?size=2048'),(270,'https://cdn.discordapp.com/avatars/496527957217640448/3db5bbf0197a73fdff59b82980c69f8b.png?size=2048'),(271,'https://cdn.discordapp.com/avatars/91694141913726976/9965f415b825790c01ec2849ac4bbfd5.png?size=2048'),(272,'https://cdn.discordapp.com/avatars/265216789200371714/ce0fdc549c1d410be640606b4122ec33.png?size=2048'),(273,'https://cdn.discordapp.com/avatars/200219180216090624/f2d70dd9f3f8a6902fad28990e46d84c.png?size=2048'),(274,'https://cdn.discordapp.com/avatars/468967740338601994/42eecd41aa8743971ee254045f74c325.png?size=2048'),(275,'https://cdn.discordapp.com/avatars/244183519427821578/d0960913067946d947c4bd56cf03c6eb.png?size=2048'),(276,'https://discordapp.com/assets/1cbd08c76f8af6dddce02c5138971129.png'),(277,'https://discordapp.com/assets/322c936a8c8be1b803cd94861bdfa868.png'),(278,'https://cdn.discordapp.com/avatars/160105994217586689/34e17c6e9367c015dfe36fa3cd8b47e5.png?size=2048'),(279,'https://discordapp.com/assets/dd4dbc0016779df1378e7812eabaa04d.png'),(280,'https://cdn.discordapp.com/avatars/430389118829068288/52e95f205508b7f25ce503ad97edc2da.png?size=2048'),(281,'https://cdn.discordapp.com/avatars/420975351632625675/8f8990669574ee8a96fff5729ba2fa6f.png?size=2048'),(282,'https://discordapp.com/assets/0e291f67c9274a1abdddeb3fd919cbaa.png'),(283,'https://cdn.discordapp.com/avatars/507945115063681024/20b41eff7be8743feeddba6b5ab05ae1.png?size=2048'),(284,'https://cdn.discordapp.com/avatars/238765236448919554/be3cdcb1ab7070fb973cce081446639f.png?size=2048'),(285,'https://discordapp.com/assets/6debd47ed13483642cf09e832ed0bc1b.png'),(286,'https://cdn.discordapp.com/avatars/263784611509829632/c883fc60f18d44f8cf9eb3e4672025e0.png?size=2048'),(287,'https://cdn.discordapp.com/avatars/141710341376704512/0421293ecda230c13b43895da1f3530a.png?size=2048'),(288,'https://cdn.discordapp.com/avatars/121816090803175424/503d744a8fedbb8df7f869699afda9b1.png?size=2048'),(289,'https://cdn.discordapp.com/avatars/179111766301605888/17e3bb4c3f5161a1f2d8bb6fdd4785bf.png?size=2048'),(290,'https://cdn.discordapp.com/avatars/141710875915583488/64822d39a7cfba8d1d07e8c93a5e93a1.png?size=2048'),(291,'https://cdn.discordapp.com/avatars/112758635339268096/6ac2a64d8c523eb24d4c555ed27c89a6.png?size=2048'),(292,'https://cdn.discordapp.com/avatars/348205766127124480/0275f072591a0aba920087ca942a8ce9.png?size=2048'),(293,'https://cdn.discordapp.com/avatars/254415640633409537/914f76596e5031d0952ef8cc36beb062.png?size=2048'),(294,'https://cdn.discordapp.com/avatars/360879010533736468/73248488cc98c22a132d3412ae8e47ae.png?size=2048'),(295,'https://cdn.discordapp.com/avatars/346896370575081482/b78e08b853764ce1e9e8e7ef462df251.png?size=2048'),(296,'https://cdn.discordapp.com/avatars/352521342383292416/040095274558e0ae14a8db57130b8951.png?size=2048'),(297,'https://discordapp.com/assets/dd4dbc0016779df1378e7812eabaa04d.png'),(298,'https://cdn.discordapp.com/avatars/223140707735568386/eb0d720b348f871b4e7bed5d726dbce0.png?size=2048'),(299,'https://discordapp.com/assets/dd4dbc0016779df1378e7812eabaa04d.png'),(300,'https://cdn.discordapp.com/avatars/255832257519026178/56d1cfd17fe9f4674b9fa32c588ae649.png?size=2048'),(301,'https://discordapp.com/assets/dd4dbc0016779df1378e7812eabaa04d.png'),(302,'https://discordapp.com/assets/6debd47ed13483642cf09e832ed0bc1b.png'),(303,'https://cdn.discordapp.com/avatars/112711072879767552/fc4588b24bd283c8515c8e740dbefc07.png?size=2048'),(304,'https://cdn.discordapp.com/avatars/186677127830044672/98bf3f4cf98995006a862da9fdcbd18a.png?size=2048'),(305,'https://discordapp.com/assets/0e291f67c9274a1abdddeb3fd919cbaa.png'),(306,'https://discordapp.com/assets/6debd47ed13483642cf09e832ed0bc1b.png'),(307,'https://cdn.discordapp.com/avatars/481545920882802699/be5d1ac1de81ef71ae4f7e90ba153727.png?size=2048'),(308,'https://discordapp.com/assets/6debd47ed13483642cf09e832ed0bc1b.png'),(309,'https://cdn.discordapp.com/avatars/184405311681986560/2f59c39ca00ffeb826d38e97bb199484.png?size=2048'),(310,'https://cdn.discordapp.com/avatars/143833729960247296/02570b5b3f62041cea713dcb3807f0a3.png?size=2048'),(311,'https://cdn.discordapp.com/avatars/116275390695079945/0de545b2efc0baeda0fbf458f3f884dc.png?size=2048'),(312,'https://cdn.discordapp.com/avatars/177735619668213760/54a8bd97752cff38269325cc31007b45.png?size=2048'),(313,'https://cdn.discordapp.com/avatars/243401954506702848/84aa0e64f1597ec5aac622d97b817cb5.png?size=2048'),(314,'https://cdn.discordapp.com/avatars/243919678148313089/e61e3fd9deedf3f3c04f46ed82b32e54.png?size=2048'),(315,'https://cdn.discordapp.com/avatars/140854970227490816/405c519daa397a3faf369efb3f2aa1b3.png?size=2048'),(316,'https://discordapp.com/assets/0e291f67c9274a1abdddeb3fd919cbaa.png'),(317,'https://cdn.discordapp.com/avatars/134073775925886976/970d33bddeb40f9b7a20f7524a6b07f5.png?size=2048'),(318,'https://cdn.discordapp.com/avatars/228985039562604554/5c25c1529fd7ab1a5afbd422e9c7eb2b.png?size=2048'),(319,'https://cdn.discordapp.com/avatars/190268934451101696/d56f3ec2c7cb291d1e1dcad1eb4ef369.png?size=2048'),(320,'https://cdn.discordapp.com/avatars/325385208021123073/59edd495198c0fc17fa620a0e9adb7a1.png?size=2048'),(321,'https://cdn.discordapp.com/avatars/360164423127662593/a_5aebf3ef0dc92f1c492f1b02a883ffd3.gif'),(322,'https://cdn.discordapp.com/avatars/443423923799982081/ce6362fa62bf966f23e7a8e83575f1ea.png?size=2048'),(323,'https://cdn.discordapp.com/avatars/317060470768926720/42ef5b49e79d25f0842800d876486ab7.png?size=2048'),(324,'https://cdn.discordapp.com/avatars/197165303451353098/2d952387f5c452552d4afc3d5e5382d6.png?size=2048'),(325,'https://discordapp.com/assets/1cbd08c76f8af6dddce02c5138971129.png'),(326,'https://discordapp.com/assets/dd4dbc0016779df1378e7812eabaa04d.png'),(327,'https://cdn.discordapp.com/avatars/132228985017860096/9037203456ee2068a290eebbffe9e762.png?size=2048'),(328,'https://cdn.discordapp.com/avatars/482707048816181279/7dd596371ddd33f03cad0d2a5efbbd01.png?size=2048'),(329,'https://cdn.discordapp.com/avatars/235088799074484224/16c197c4c3f0eb808f9bceb6e1075e71.png?size=2048'),(330,'https://discordapp.com/assets/322c936a8c8be1b803cd94861bdfa868.png'),(331,'https://cdn.discordapp.com/avatars/156905092732289024/b6e09ef18c3205281bbf07688349f9bb.png?size=2048'),(332,'https://cdn.discordapp.com/avatars/281615505104699393/4597e0171fb66cbb9f087ce9d64f9193.png?size=2048'),(333,'https://cdn.discordapp.com/avatars/164619649684602880/811ec1855187e5bce69ba6ac5a09b56a.png?size=2048'),(334,'https://cdn.discordapp.com/avatars/244500547292364800/9545afe43d2c03ab191405d1723b4825.png?size=2048'),(335,'https://cdn.discordapp.com/avatars/181939851904548864/702596512f68f39e14074ca2f1d67f03.png?size=2048'),(336,'https://cdn.discordapp.com/avatars/161010290295701505/cf23d23c8b9cea85f0164e51a0b9ef33.png?size=2048'),(337,'https://cdn.discordapp.com/avatars/370797630256578561/a54c08774c7105d8a4c5e2a940486d95.png?size=2048'),(338,'https://cdn.discordapp.com/avatars/500496573478993920/51dfb1fb222233550dd2d913db2713b9.png?size=2048'),(339,'https://discordapp.com/assets/322c936a8c8be1b803cd94861bdfa868.png'),(340,'https://discordapp.com/assets/0e291f67c9274a1abdddeb3fd919cbaa.png'),(341,'https://discordapp.com/assets/dd4dbc0016779df1378e7812eabaa04d.png'),(342,'https://discordapp.com/assets/dd4dbc0016779df1378e7812eabaa04d.png'),(343,'https://cdn.discordapp.com/avatars/251922216122318850/2eab39af4d8b7349b6bf7b9fc8e06a50.png?size=2048'),(344,'https://discordapp.com/assets/0e291f67c9274a1abdddeb3fd919cbaa.png'),(345,'https://cdn.discordapp.com/avatars/191710610524864512/184e58ca651f2f1876589b99854ea124.png?size=2048'),(346,'https://cdn.discordapp.com/avatars/116201946062389250/84bcfbdebf73cce519e317dd9196676c.png?size=2048'),(347,'https://cdn.discordapp.com/avatars/141656854773235712/56a873a8ea5668f186fc69efbbdea304.png?size=2048'),(348,'https://discordapp.com/assets/6debd47ed13483642cf09e832ed0bc1b.png'),(349,'https://cdn.discordapp.com/avatars/112985646120849408/6c31a6741749c44c8bc1bdcca1f18c71.png?size=2048'),(350,'https://discordapp.com/assets/1cbd08c76f8af6dddce02c5138971129.png'),(351,'https://cdn.discordapp.com/avatars/309644278131589121/f78bad9d72d017fcdb435b5dace62c3f.png?size=2048'),(352,'https://discordapp.com/assets/1cbd08c76f8af6dddce02c5138971129.png'),(353,'https://cdn.discordapp.com/avatars/155149108183695360/3ac2fbefebd4de9ffeefcb0f2cb15ecd.png?size=2048'),(354,'https://cdn.discordapp.com/avatars/545072881818796044/9055fee2f62953b711afe92dd1f197a5.png?size=2048'),(355,'https://discordapp.com/assets/0e291f67c9274a1abdddeb3fd919cbaa.png'),(356,'https://cdn.discordapp.com/avatars/286332276693008386/4bf2c54f8744fabab563d1ffffad6c9c.png?size=2048'),(357,'https://cdn.discordapp.com/avatars/481243480455118879/67b3a836c8ca37b18f9ca64bf404685d.png?size=2048'),(358,'https://cdn.discordapp.com/avatars/233351190258253826/1b97a86758ab4915eb36084330b96a32.png?size=2048'),(359,'https://discordapp.com/assets/322c936a8c8be1b803cd94861bdfa868.png'),(360,'https://discordapp.com/assets/0e291f67c9274a1abdddeb3fd919cbaa.png'),(361,'https://discordapp.com/assets/322c936a8c8be1b803cd94861bdfa868.png'),(362,'https://cdn.discordapp.com/avatars/406930312514371595/91c8a96ccaaa1c45c3a2cee957992b12.png?size=2048'),(363,'https://discordapp.com/assets/0e291f67c9274a1abdddeb3fd919cbaa.png'),(364,'https://cdn.discordapp.com/avatars/254962299977203712/2bbe49fe5de0c803d633dc87e2884edd.png?size=2048'),(365,'https://discordapp.com/assets/0e291f67c9274a1abdddeb3fd919cbaa.png'),(366,'https://cdn.discordapp.com/avatars/484397608501116938/6cbf15c365b5c924d78dbe238f5590a2.png?size=2048'),(367,'https://cdn.discordapp.com/avatars/254082818118778882/fd888bd1952f76957836da7ef30da9f0.png?size=2048'),(368,'https://cdn.discordapp.com/avatars/215239570428526593/c16589d8007cbb0fc51f3670edff3e5f.png?size=2048'),(369,'https://cdn.discordapp.com/avatars/411722428272607233/982fc12b0dbfb8827d92c83b31eaa26e.png?size=2048'),(370,'https://cdn.discordapp.com/avatars/334404016341516288/c25187230b1b2c7023e032aa44cd72c9.png?size=2048'),(371,'https://cdn.discordapp.com/avatars/485822191779184640/6c5a5397ff9b1be8c41ef67773c6e3a4.png?size=2048'),(372,'https://cdn.discordapp.com/avatars/496527957217640448/3db5bbf0197a73fdff59b82980c69f8b.png?size=2048'),(373,'https://cdn.discordapp.com/avatars/91694141913726976/9965f415b825790c01ec2849ac4bbfd5.png?size=2048'),(374,'https://cdn.discordapp.com/avatars/265216789200371714/ce0fdc549c1d410be640606b4122ec33.png?size=2048'),(375,'https://cdn.discordapp.com/avatars/200219180216090624/f2d70dd9f3f8a6902fad28990e46d84c.png?size=2048'),(376,'https://cdn.discordapp.com/avatars/468967740338601994/42eecd41aa8743971ee254045f74c325.png?size=2048'),(377,'https://cdn.discordapp.com/avatars/244183519427821578/d0960913067946d947c4bd56cf03c6eb.png?size=2048'),(378,'https://discordapp.com/assets/1cbd08c76f8af6dddce02c5138971129.png'),(379,'https://discordapp.com/assets/322c936a8c8be1b803cd94861bdfa868.png'),(380,'https://cdn.discordapp.com/avatars/160105994217586689/34e17c6e9367c015dfe36fa3cd8b47e5.png?size=2048'),(381,'https://discordapp.com/assets/dd4dbc0016779df1378e7812eabaa04d.png'),(382,'https://cdn.discordapp.com/avatars/430389118829068288/52e95f205508b7f25ce503ad97edc2da.png?size=2048'),(383,'https://cdn.discordapp.com/avatars/420975351632625675/8f8990669574ee8a96fff5729ba2fa6f.png?size=2048'),(384,'https://discordapp.com/assets/0e291f67c9274a1abdddeb3fd919cbaa.png'),(385,'https://cdn.discordapp.com/avatars/507945115063681024/20b41eff7be8743feeddba6b5ab05ae1.png?size=2048'),(386,'https://cdn.discordapp.com/avatars/238765236448919554/be3cdcb1ab7070fb973cce081446639f.png?size=2048'),(387,'https://discordapp.com/assets/6debd47ed13483642cf09e832ed0bc1b.png'),(388,'https://cdn.discordapp.com/avatars/263784611509829632/c883fc60f18d44f8cf9eb3e4672025e0.png?size=2048'),(389,'https://cdn.discordapp.com/avatars/141710341376704512/0421293ecda230c13b43895da1f3530a.png?size=2048'),(390,'https://cdn.discordapp.com/avatars/121816090803175424/503d744a8fedbb8df7f869699afda9b1.png?size=2048'),(391,'https://cdn.discordapp.com/avatars/179111766301605888/17e3bb4c3f5161a1f2d8bb6fdd4785bf.png?size=2048'),(392,'https://cdn.discordapp.com/avatars/141710875915583488/64822d39a7cfba8d1d07e8c93a5e93a1.png?size=2048'),(393,'https://cdn.discordapp.com/avatars/112758635339268096/6ac2a64d8c523eb24d4c555ed27c89a6.png?size=2048'),(394,'https://cdn.discordapp.com/avatars/348205766127124480/0275f072591a0aba920087ca942a8ce9.png?size=2048'),(395,'https://cdn.discordapp.com/avatars/254415640633409537/914f76596e5031d0952ef8cc36beb062.png?size=2048'),(396,'https://cdn.discordapp.com/avatars/360879010533736468/73248488cc98c22a132d3412ae8e47ae.png?size=2048'),(397,'https://cdn.discordapp.com/avatars/346896370575081482/b78e08b853764ce1e9e8e7ef462df251.png?size=2048'),(398,'https://cdn.discordapp.com/avatars/352521342383292416/040095274558e0ae14a8db57130b8951.png?size=2048'),(399,'https://discordapp.com/assets/dd4dbc0016779df1378e7812eabaa04d.png'),(400,'https://cdn.discordapp.com/avatars/223140707735568386/eb0d720b348f871b4e7bed5d726dbce0.png?size=2048'),(401,'https://discordapp.com/assets/dd4dbc0016779df1378e7812eabaa04d.png'),(402,'https://cdn.discordapp.com/avatars/255832257519026178/56d1cfd17fe9f4674b9fa32c588ae649.png?size=2048'),(403,'https://discordapp.com/assets/dd4dbc0016779df1378e7812eabaa04d.png'),(404,'https://discordapp.com/assets/6debd47ed13483642cf09e832ed0bc1b.png'),(405,'https://cdn.discordapp.com/avatars/112711072879767552/fc4588b24bd283c8515c8e740dbefc07.png?size=2048'),(406,'https://cdn.discordapp.com/avatars/186677127830044672/98bf3f4cf98995006a862da9fdcbd18a.png?size=2048'),(407,'https://discordapp.com/assets/0e291f67c9274a1abdddeb3fd919cbaa.png'),(408,'https://discordapp.com/assets/6debd47ed13483642cf09e832ed0bc1b.png'),(409,'https://cdn.discordapp.com/avatars/481545920882802699/be5d1ac1de81ef71ae4f7e90ba153727.png?size=2048'),(410,'https://discordapp.com/assets/6debd47ed13483642cf09e832ed0bc1b.png'),(411,'https://cdn.discordapp.com/avatars/184405311681986560/2f59c39ca00ffeb826d38e97bb199484.png?size=2048'),(412,'https://cdn.discordapp.com/avatars/143833729960247296/02570b5b3f62041cea713dcb3807f0a3.png?size=2048'),(413,'https://cdn.discordapp.com/avatars/116275390695079945/0de545b2efc0baeda0fbf458f3f884dc.png?size=2048'),(414,'https://cdn.discordapp.com/avatars/177735619668213760/54a8bd97752cff38269325cc31007b45.png?size=2048'),(415,'https://cdn.discordapp.com/avatars/243401954506702848/84aa0e64f1597ec5aac622d97b817cb5.png?size=2048'),(416,'https://cdn.discordapp.com/avatars/243919678148313089/e61e3fd9deedf3f3c04f46ed82b32e54.png?size=2048'),(417,'https://cdn.discordapp.com/avatars/140854970227490816/405c519daa397a3faf369efb3f2aa1b3.png?size=2048'),(418,'https://discordapp.com/assets/0e291f67c9274a1abdddeb3fd919cbaa.png'),(419,'https://cdn.discordapp.com/avatars/134073775925886976/970d33bddeb40f9b7a20f7524a6b07f5.png?size=2048'),(420,'https://cdn.discordapp.com/avatars/228985039562604554/5c25c1529fd7ab1a5afbd422e9c7eb2b.png?size=2048'),(421,'https://cdn.discordapp.com/avatars/190268934451101696/d56f3ec2c7cb291d1e1dcad1eb4ef369.png?size=2048'),(422,'https://cdn.discordapp.com/avatars/325385208021123073/59edd495198c0fc17fa620a0e9adb7a1.png?size=2048'),(423,'https://cdn.discordapp.com/avatars/360164423127662593/a_5aebf3ef0dc92f1c492f1b02a883ffd3.gif'),(424,'https://cdn.discordapp.com/avatars/443423923799982081/ce6362fa62bf966f23e7a8e83575f1ea.png?size=2048'),(425,'https://cdn.discordapp.com/avatars/317060470768926720/42ef5b49e79d25f0842800d876486ab7.png?size=2048'),(426,'https://cdn.discordapp.com/avatars/197165303451353098/2d952387f5c452552d4afc3d5e5382d6.png?size=2048'),(427,'https://discordapp.com/assets/1cbd08c76f8af6dddce02c5138971129.png'),(428,'https://discordapp.com/assets/dd4dbc0016779df1378e7812eabaa04d.png'),(429,'https://cdn.discordapp.com/avatars/132228985017860096/9037203456ee2068a290eebbffe9e762.png?size=2048'),(430,'https://cdn.discordapp.com/avatars/482707048816181279/7dd596371ddd33f03cad0d2a5efbbd01.png?size=2048'),(431,'https://cdn.discordapp.com/avatars/235088799074484224/16c197c4c3f0eb808f9bceb6e1075e71.png?size=2048'),(432,'https://discordapp.com/assets/322c936a8c8be1b803cd94861bdfa868.png'),(433,'https://cdn.discordapp.com/avatars/156905092732289024/b6e09ef18c3205281bbf07688349f9bb.png?size=2048'),(434,'https://cdn.discordapp.com/avatars/281615505104699393/4597e0171fb66cbb9f087ce9d64f9193.png?size=2048'),(435,'https://cdn.discordapp.com/avatars/164619649684602880/811ec1855187e5bce69ba6ac5a09b56a.png?size=2048'),(436,'https://cdn.discordapp.com/avatars/244500547292364800/9545afe43d2c03ab191405d1723b4825.png?size=2048'),(437,'https://cdn.discordapp.com/avatars/181939851904548864/702596512f68f39e14074ca2f1d67f03.png?size=2048'),(438,'https://cdn.discordapp.com/avatars/161010290295701505/cf23d23c8b9cea85f0164e51a0b9ef33.png?size=2048'),(439,'https://cdn.discordapp.com/avatars/370797630256578561/a54c08774c7105d8a4c5e2a940486d95.png?size=2048'),(440,'https://cdn.discordapp.com/avatars/500496573478993920/51dfb1fb222233550dd2d913db2713b9.png?size=2048'),(441,'https://discordapp.com/assets/322c936a8c8be1b803cd94861bdfa868.png'),(442,'https://discordapp.com/assets/0e291f67c9274a1abdddeb3fd919cbaa.png'),(443,'https://discordapp.com/assets/dd4dbc0016779df1378e7812eabaa04d.png'),(444,'https://discordapp.com/assets/dd4dbc0016779df1378e7812eabaa04d.png'),(445,'https://cdn.discordapp.com/avatars/251922216122318850/2eab39af4d8b7349b6bf7b9fc8e06a50.png?size=2048'),(446,'https://discordapp.com/assets/0e291f67c9274a1abdddeb3fd919cbaa.png'),(447,'https://cdn.discordapp.com/avatars/191710610524864512/184e58ca651f2f1876589b99854ea124.png?size=2048'),(448,'https://cdn.discordapp.com/avatars/116201946062389250/84bcfbdebf73cce519e317dd9196676c.png?size=2048'),(449,'https://cdn.discordapp.com/avatars/141656854773235712/56a873a8ea5668f186fc69efbbdea304.png?size=2048'),(450,'https://discordapp.com/assets/6debd47ed13483642cf09e832ed0bc1b.png'),(451,'https://cdn.discordapp.com/avatars/112985646120849408/6c31a6741749c44c8bc1bdcca1f18c71.png?size=2048'),(452,'https://discordapp.com/assets/1cbd08c76f8af6dddce02c5138971129.png'),(453,'https://cdn.discordapp.com/avatars/309644278131589121/f78bad9d72d017fcdb435b5dace62c3f.png?size=2048'),(454,'https://discordapp.com/assets/1cbd08c76f8af6dddce02c5138971129.png'),(455,'https://cdn.discordapp.com/avatars/155149108183695360/3ac2fbefebd4de9ffeefcb0f2cb15ecd.png?size=2048'),(456,'https://cdn.discordapp.com/avatars/545072881818796044/9055fee2f62953b711afe92dd1f197a5.png?size=2048'),(457,'https://discordapp.com/assets/0e291f67c9274a1abdddeb3fd919cbaa.png'),(458,'https://cdn.discordapp.com/avatars/286332276693008386/4bf2c54f8744fabab563d1ffffad6c9c.png?size=2048'),(459,'https://cdn.discordapp.com/avatars/481243480455118879/67b3a836c8ca37b18f9ca64bf404685d.png?size=2048'),(460,'https://cdn.discordapp.com/avatars/233351190258253826/1b97a86758ab4915eb36084330b96a32.png?size=2048'),(461,'https://discordapp.com/assets/322c936a8c8be1b803cd94861bdfa868.png'),(462,'https://discordapp.com/assets/0e291f67c9274a1abdddeb3fd919cbaa.png'),(463,'https://discordapp.com/assets/322c936a8c8be1b803cd94861bdfa868.png'),(464,'https://cdn.discordapp.com/avatars/406930312514371595/91c8a96ccaaa1c45c3a2cee957992b12.png?size=2048'),(465,'https://discordapp.com/assets/0e291f67c9274a1abdddeb3fd919cbaa.png'),(466,'https://cdn.discordapp.com/avatars/254962299977203712/2bbe49fe5de0c803d633dc87e2884edd.png?size=2048'),(467,'https://discordapp.com/assets/0e291f67c9274a1abdddeb3fd919cbaa.png'),(468,'https://cdn.discordapp.com/avatars/484397608501116938/6cbf15c365b5c924d78dbe238f5590a2.png?size=2048'),(469,'https://cdn.discordapp.com/avatars/254082818118778882/fd888bd1952f76957836da7ef30da9f0.png?size=2048'),(470,'https://cdn.discordapp.com/avatars/215239570428526593/c16589d8007cbb0fc51f3670edff3e5f.png?size=2048'),(471,'https://cdn.discordapp.com/avatars/411722428272607233/982fc12b0dbfb8827d92c83b31eaa26e.png?size=2048'),(472,'https://cdn.discordapp.com/avatars/334404016341516288/c25187230b1b2c7023e032aa44cd72c9.png?size=2048'),(473,'https://cdn.discordapp.com/avatars/485822191779184640/6c5a5397ff9b1be8c41ef67773c6e3a4.png?size=2048'),(474,'https://cdn.discordapp.com/avatars/496527957217640448/3db5bbf0197a73fdff59b82980c69f8b.png?size=2048'),(475,'https://cdn.discordapp.com/avatars/91694141913726976/9965f415b825790c01ec2849ac4bbfd5.png?size=2048'),(476,'https://cdn.discordapp.com/avatars/265216789200371714/ce0fdc549c1d410be640606b4122ec33.png?size=2048'),(477,'https://cdn.discordapp.com/avatars/200219180216090624/f2d70dd9f3f8a6902fad28990e46d84c.png?size=2048'),(478,'https://cdn.discordapp.com/avatars/468967740338601994/42eecd41aa8743971ee254045f74c325.png?size=2048'),(479,'https://cdn.discordapp.com/avatars/244183519427821578/d0960913067946d947c4bd56cf03c6eb.png?size=2048'),(480,'https://discordapp.com/assets/1cbd08c76f8af6dddce02c5138971129.png'),(481,'https://discordapp.com/assets/322c936a8c8be1b803cd94861bdfa868.png'),(482,'https://cdn.discordapp.com/avatars/160105994217586689/34e17c6e9367c015dfe36fa3cd8b47e5.png?size=2048'),(483,'https://discordapp.com/assets/dd4dbc0016779df1378e7812eabaa04d.png'),(484,'https://cdn.discordapp.com/avatars/430389118829068288/52e95f205508b7f25ce503ad97edc2da.png?size=2048'),(485,'https://cdn.discordapp.com/avatars/420975351632625675/8f8990669574ee8a96fff5729ba2fa6f.png?size=2048'),(486,'https://discordapp.com/assets/0e291f67c9274a1abdddeb3fd919cbaa.png'),(487,'https://cdn.discordapp.com/avatars/507945115063681024/20b41eff7be8743feeddba6b5ab05ae1.png?size=2048'),(488,'https://cdn.discordapp.com/avatars/238765236448919554/be3cdcb1ab7070fb973cce081446639f.png?size=2048'),(489,'https://discordapp.com/assets/6debd47ed13483642cf09e832ed0bc1b.png'),(490,'https://cdn.discordapp.com/avatars/263784611509829632/c883fc60f18d44f8cf9eb3e4672025e0.png?size=2048'),(491,'https://cdn.discordapp.com/avatars/141710341376704512/0421293ecda230c13b43895da1f3530a.png?size=2048'),(492,'https://cdn.discordapp.com/avatars/121816090803175424/503d744a8fedbb8df7f869699afda9b1.png?size=2048'),(493,'https://cdn.discordapp.com/avatars/179111766301605888/17e3bb4c3f5161a1f2d8bb6fdd4785bf.png?size=2048'),(494,'https://cdn.discordapp.com/avatars/141710875915583488/64822d39a7cfba8d1d07e8c93a5e93a1.png?size=2048'),(495,'https://cdn.discordapp.com/avatars/112758635339268096/6ac2a64d8c523eb24d4c555ed27c89a6.png?size=2048'),(496,'https://cdn.discordapp.com/avatars/348205766127124480/0275f072591a0aba920087ca942a8ce9.png?size=2048'),(497,'https://cdn.discordapp.com/avatars/254415640633409537/914f76596e5031d0952ef8cc36beb062.png?size=2048'),(498,'https://cdn.discordapp.com/avatars/360879010533736468/73248488cc98c22a132d3412ae8e47ae.png?size=2048'),(499,'https://cdn.discordapp.com/avatars/346896370575081482/b78e08b853764ce1e9e8e7ef462df251.png?size=2048'),(500,'https://cdn.discordapp.com/avatars/352521342383292416/040095274558e0ae14a8db57130b8951.png?size=2048'),(501,'https://discordapp.com/assets/dd4dbc0016779df1378e7812eabaa04d.png'),(502,'https://cdn.discordapp.com/avatars/223140707735568386/eb0d720b348f871b4e7bed5d726dbce0.png?size=2048'),(503,'https://discordapp.com/assets/dd4dbc0016779df1378e7812eabaa04d.png'),(504,'https://cdn.discordapp.com/avatars/255832257519026178/56d1cfd17fe9f4674b9fa32c588ae649.png?size=2048'),(505,'https://discordapp.com/assets/dd4dbc0016779df1378e7812eabaa04d.png'),(506,'https://discordapp.com/assets/6debd47ed13483642cf09e832ed0bc1b.png'),(507,'https://cdn.discordapp.com/avatars/112711072879767552/fc4588b24bd283c8515c8e740dbefc07.png?size=2048'),(508,'https://cdn.discordapp.com/avatars/186677127830044672/98bf3f4cf98995006a862da9fdcbd18a.png?size=2048'),(509,'https://discordapp.com/assets/0e291f67c9274a1abdddeb3fd919cbaa.png'),(510,'https://discordapp.com/assets/6debd47ed13483642cf09e832ed0bc1b.png'),(511,'https://cdn.discordapp.com/avatars/481545920882802699/be5d1ac1de81ef71ae4f7e90ba153727.png?size=2048'),(512,'https://discordapp.com/assets/6debd47ed13483642cf09e832ed0bc1b.png'),(513,'https://cdn.discordapp.com/avatars/184405311681986560/2f59c39ca00ffeb826d38e97bb199484.png?size=2048'),(514,'https://cdn.discordapp.com/avatars/143833729960247296/02570b5b3f62041cea713dcb3807f0a3.png?size=2048'),(515,'https://cdn.discordapp.com/avatars/116275390695079945/0de545b2efc0baeda0fbf458f3f884dc.png?size=2048'),(516,'https://cdn.discordapp.com/avatars/177735619668213760/54a8bd97752cff38269325cc31007b45.png?size=2048'),(517,'https://cdn.discordapp.com/avatars/243401954506702848/84aa0e64f1597ec5aac622d97b817cb5.png?size=2048'),(518,'https://cdn.discordapp.com/avatars/243919678148313089/e61e3fd9deedf3f3c04f46ed82b32e54.png?size=2048'),(519,'https://cdn.discordapp.com/avatars/140854970227490816/405c519daa397a3faf369efb3f2aa1b3.png?size=2048'),(520,'https://discordapp.com/assets/0e291f67c9274a1abdddeb3fd919cbaa.png'),(521,'https://cdn.discordapp.com/avatars/134073775925886976/970d33bddeb40f9b7a20f7524a6b07f5.png?size=2048'),(522,'https://cdn.discordapp.com/avatars/228985039562604554/5c25c1529fd7ab1a5afbd422e9c7eb2b.png?size=2048'),(523,'https://cdn.discordapp.com/avatars/190268934451101696/d56f3ec2c7cb291d1e1dcad1eb4ef369.png?size=2048'),(524,'https://cdn.discordapp.com/avatars/325385208021123073/59edd495198c0fc17fa620a0e9adb7a1.png?size=2048'),(525,'https://cdn.discordapp.com/avatars/360164423127662593/a_5aebf3ef0dc92f1c492f1b02a883ffd3.gif'),(526,'https://cdn.discordapp.com/avatars/443423923799982081/ce6362fa62bf966f23e7a8e83575f1ea.png?size=2048'),(527,'https://cdn.discordapp.com/avatars/317060470768926720/42ef5b49e79d25f0842800d876486ab7.png?size=2048'),(528,'https://cdn.discordapp.com/avatars/197165303451353098/2d952387f5c452552d4afc3d5e5382d6.png?size=2048'),(529,'https://discordapp.com/assets/1cbd08c76f8af6dddce02c5138971129.png'),(530,'https://discordapp.com/assets/dd4dbc0016779df1378e7812eabaa04d.png'),(531,'https://cdn.discordapp.com/avatars/132228985017860096/9037203456ee2068a290eebbffe9e762.png?size=2048'),(532,'https://cdn.discordapp.com/avatars/482707048816181279/7dd596371ddd33f03cad0d2a5efbbd01.png?size=2048'),(533,'https://cdn.discordapp.com/avatars/235088799074484224/16c197c4c3f0eb808f9bceb6e1075e71.png?size=2048'),(534,'https://discordapp.com/assets/322c936a8c8be1b803cd94861bdfa868.png'),(535,'https://cdn.discordapp.com/avatars/156905092732289024/b6e09ef18c3205281bbf07688349f9bb.png?size=2048'),(536,'https://cdn.discordapp.com/avatars/281615505104699393/4597e0171fb66cbb9f087ce9d64f9193.png?size=2048'),(537,'https://cdn.discordapp.com/avatars/164619649684602880/811ec1855187e5bce69ba6ac5a09b56a.png?size=2048'),(538,'https://cdn.discordapp.com/avatars/244500547292364800/9545afe43d2c03ab191405d1723b4825.png?size=2048'),(539,'https://cdn.discordapp.com/avatars/181939851904548864/702596512f68f39e14074ca2f1d67f03.png?size=2048'),(540,'https://cdn.discordapp.com/avatars/161010290295701505/cf23d23c8b9cea85f0164e51a0b9ef33.png?size=2048'),(541,'https://cdn.discordapp.com/avatars/370797630256578561/a54c08774c7105d8a4c5e2a940486d95.png?size=2048'),(542,'https://cdn.discordapp.com/avatars/500496573478993920/51dfb1fb222233550dd2d913db2713b9.png?size=2048'),(543,'https://discordapp.com/assets/322c936a8c8be1b803cd94861bdfa868.png'),(544,'https://discordapp.com/assets/0e291f67c9274a1abdddeb3fd919cbaa.png'),(545,'https://discordapp.com/assets/dd4dbc0016779df1378e7812eabaa04d.png'),(546,'https://discordapp.com/assets/dd4dbc0016779df1378e7812eabaa04d.png'),(547,'https://cdn.discordapp.com/avatars/251922216122318850/2eab39af4d8b7349b6bf7b9fc8e06a50.png?size=2048'),(548,'https://discordapp.com/assets/0e291f67c9274a1abdddeb3fd919cbaa.png'),(549,'https://cdn.discordapp.com/avatars/191710610524864512/184e58ca651f2f1876589b99854ea124.png?size=2048'),(550,'https://cdn.discordapp.com/avatars/116201946062389250/84bcfbdebf73cce519e317dd9196676c.png?size=2048'),(551,'https://cdn.discordapp.com/avatars/141656854773235712/56a873a8ea5668f186fc69efbbdea304.png?size=2048'),(552,'https://discordapp.com/assets/6debd47ed13483642cf09e832ed0bc1b.png'),(553,'https://cdn.discordapp.com/avatars/112985646120849408/6c31a6741749c44c8bc1bdcca1f18c71.png?size=2048'),(554,'https://discordapp.com/assets/1cbd08c76f8af6dddce02c5138971129.png'),(555,'https://cdn.discordapp.com/avatars/309644278131589121/f78bad9d72d017fcdb435b5dace62c3f.png?size=2048'),(556,'https://discordapp.com/assets/1cbd08c76f8af6dddce02c5138971129.png'),(557,'https://cdn.discordapp.com/avatars/155149108183695360/3ac2fbefebd4de9ffeefcb0f2cb15ecd.png?size=2048'),(558,'https://cdn.discordapp.com/avatars/545072881818796044/9055fee2f62953b711afe92dd1f197a5.png?size=2048'),(559,'https://discordapp.com/assets/0e291f67c9274a1abdddeb3fd919cbaa.png'),(560,'https://cdn.discordapp.com/avatars/286332276693008386/4bf2c54f8744fabab563d1ffffad6c9c.png?size=2048'),(561,'https://cdn.discordapp.com/avatars/481243480455118879/67b3a836c8ca37b18f9ca64bf404685d.png?size=2048'),(562,'https://cdn.discordapp.com/avatars/233351190258253826/1b97a86758ab4915eb36084330b96a32.png?size=2048'),(563,'https://discordapp.com/assets/322c936a8c8be1b803cd94861bdfa868.png'),(564,'https://discordapp.com/assets/0e291f67c9274a1abdddeb3fd919cbaa.png'),(565,'https://discordapp.com/assets/322c936a8c8be1b803cd94861bdfa868.png'),(566,'https://cdn.discordapp.com/avatars/406930312514371595/91c8a96ccaaa1c45c3a2cee957992b12.png?size=2048'),(567,'https://discordapp.com/assets/0e291f67c9274a1abdddeb3fd919cbaa.png'),(568,'https://cdn.discordapp.com/avatars/254962299977203712/2bbe49fe5de0c803d633dc87e2884edd.png?size=2048'),(569,'https://discordapp.com/assets/0e291f67c9274a1abdddeb3fd919cbaa.png'),(570,'https://cdn.discordapp.com/avatars/484397608501116938/6cbf15c365b5c924d78dbe238f5590a2.png?size=2048'),(571,'https://cdn.discordapp.com/avatars/254082818118778882/fd888bd1952f76957836da7ef30da9f0.png?size=2048'),(572,'https://cdn.discordapp.com/avatars/215239570428526593/c16589d8007cbb0fc51f3670edff3e5f.png?size=2048'),(573,'https://cdn.discordapp.com/avatars/411722428272607233/982fc12b0dbfb8827d92c83b31eaa26e.png?size=2048'),(574,'https://cdn.discordapp.com/avatars/334404016341516288/c25187230b1b2c7023e032aa44cd72c9.png?size=2048'),(575,'https://cdn.discordapp.com/avatars/485822191779184640/6c5a5397ff9b1be8c41ef67773c6e3a4.png?size=2048'),(576,'https://cdn.discordapp.com/avatars/496527957217640448/3db5bbf0197a73fdff59b82980c69f8b.png?size=2048'),(577,'https://cdn.discordapp.com/avatars/91694141913726976/9965f415b825790c01ec2849ac4bbfd5.png?size=2048'),(578,'https://cdn.discordapp.com/avatars/265216789200371714/ce0fdc549c1d410be640606b4122ec33.png?size=2048'),(579,'https://cdn.discordapp.com/avatars/200219180216090624/f2d70dd9f3f8a6902fad28990e46d84c.png?size=2048'),(580,'https://cdn.discordapp.com/avatars/468967740338601994/42eecd41aa8743971ee254045f74c325.png?size=2048'),(581,'https://cdn.discordapp.com/avatars/244183519427821578/d0960913067946d947c4bd56cf03c6eb.png?size=2048'),(582,'https://discordapp.com/assets/1cbd08c76f8af6dddce02c5138971129.png'),(583,'https://discordapp.com/assets/322c936a8c8be1b803cd94861bdfa868.png'),(584,'https://cdn.discordapp.com/avatars/160105994217586689/34e17c6e9367c015dfe36fa3cd8b47e5.png?size=2048'),(585,'https://discordapp.com/assets/dd4dbc0016779df1378e7812eabaa04d.png'),(586,'https://cdn.discordapp.com/avatars/430389118829068288/52e95f205508b7f25ce503ad97edc2da.png?size=2048'),(587,'https://cdn.discordapp.com/avatars/420975351632625675/8f8990669574ee8a96fff5729ba2fa6f.png?size=2048'),(588,'https://discordapp.com/assets/0e291f67c9274a1abdddeb3fd919cbaa.png'),(589,'https://cdn.discordapp.com/avatars/507945115063681024/20b41eff7be8743feeddba6b5ab05ae1.png?size=2048'),(590,'https://cdn.discordapp.com/avatars/238765236448919554/be3cdcb1ab7070fb973cce081446639f.png?size=2048'),(591,'https://discordapp.com/assets/6debd47ed13483642cf09e832ed0bc1b.png'),(592,'https://cdn.discordapp.com/avatars/263784611509829632/c883fc60f18d44f8cf9eb3e4672025e0.png?size=2048'),(593,'https://cdn.discordapp.com/avatars/141710341376704512/0421293ecda230c13b43895da1f3530a.png?size=2048'),(594,'https://cdn.discordapp.com/avatars/121816090803175424/503d744a8fedbb8df7f869699afda9b1.png?size=2048'),(595,'https://cdn.discordapp.com/avatars/179111766301605888/17e3bb4c3f5161a1f2d8bb6fdd4785bf.png?size=2048'),(596,'https://cdn.discordapp.com/avatars/141710875915583488/64822d39a7cfba8d1d07e8c93a5e93a1.png?size=2048'),(597,'https://cdn.discordapp.com/avatars/112758635339268096/6ac2a64d8c523eb24d4c555ed27c89a6.png?size=2048'),(598,'https://cdn.discordapp.com/avatars/348205766127124480/0275f072591a0aba920087ca942a8ce9.png?size=2048'),(599,'https://cdn.discordapp.com/avatars/254415640633409537/914f76596e5031d0952ef8cc36beb062.png?size=2048'),(600,'https://cdn.discordapp.com/avatars/360879010533736468/73248488cc98c22a132d3412ae8e47ae.png?size=2048'),(601,'https://cdn.discordapp.com/avatars/346896370575081482/b78e08b853764ce1e9e8e7ef462df251.png?size=2048'),(602,'https://cdn.discordapp.com/avatars/352521342383292416/040095274558e0ae14a8db57130b8951.png?size=2048'),(603,'https://discordapp.com/assets/dd4dbc0016779df1378e7812eabaa04d.png'),(604,'https://cdn.discordapp.com/avatars/223140707735568386/eb0d720b348f871b4e7bed5d726dbce0.png?size=2048'),(605,'https://discordapp.com/assets/dd4dbc0016779df1378e7812eabaa04d.png'),(606,'https://cdn.discordapp.com/avatars/255832257519026178/56d1cfd17fe9f4674b9fa32c588ae649.png?size=2048'),(607,'https://discordapp.com/assets/dd4dbc0016779df1378e7812eabaa04d.png'),(608,'https://discordapp.com/assets/6debd47ed13483642cf09e832ed0bc1b.png'),(609,'https://cdn.discordapp.com/avatars/112711072879767552/fc4588b24bd283c8515c8e740dbefc07.png?size=2048'),(610,'https://cdn.discordapp.com/avatars/186677127830044672/98bf3f4cf98995006a862da9fdcbd18a.png?size=2048'),(611,'https://discordapp.com/assets/0e291f67c9274a1abdddeb3fd919cbaa.png'),(612,'https://discordapp.com/assets/6debd47ed13483642cf09e832ed0bc1b.png'),(613,'https://cdn.discordapp.com/avatars/481545920882802699/be5d1ac1de81ef71ae4f7e90ba153727.png?size=2048'),(614,'https://discordapp.com/assets/6debd47ed13483642cf09e832ed0bc1b.png');
/*!40000 ALTER TABLE `resources` ENABLE KEYS */;
UNLOCK TABLES;

--
-- Table structure for table `servercategories`
--

DROP TABLE IF EXISTS `servercategories`;
/*!40101 SET @saved_cs_client     = @@character_set_client */;
/*!40101 SET character_set_client = utf8 */;
CREATE TABLE `servercategories` (
  `ServerID` varchar(20) NOT NULL,
  `CategoryID` int(11) NOT NULL,
  `Enabled` tinyint(1) NOT NULL DEFAULT '0',
  KEY `ServerID` (`ServerID`),
  KEY `CategoryID` (`CategoryID`)
) ENGINE=MyISAM DEFAULT CHARSET=latin1;
/*!40101 SET character_set_client = @saved_cs_client */;

--
-- Dumping data for table `servercategories`
--

LOCK TABLES `servercategories` WRITE;
/*!40000 ALTER TABLE `servercategories` DISABLE KEYS */;
/*!40000 ALTER TABLE `servercategories` ENABLE KEYS */;
UNLOCK TABLES;

--
-- Table structure for table `servers`
--

DROP TABLE IF EXISTS `servers`;
/*!40101 SET @saved_cs_client     = @@character_set_client */;
/*!40101 SET character_set_client = utf8 */;
CREATE TABLE `servers` (
  `ServerID` varchar(20) NOT NULL,
  `ServerURL` varchar(200) DEFAULT NULL,
  `CreationDate` timestamp NOT NULL,
  PRIMARY KEY (`ServerID`)
) ENGINE=MyISAM DEFAULT CHARSET=latin1;
/*!40101 SET character_set_client = @saved_cs_client */;

--
-- Dumping data for table `servers`
--

LOCK TABLES `servers` WRITE;
/*!40000 ALTER TABLE `servers` DISABLE KEYS */;
INSERT INTO `servers` VALUES ('515691407772483591','https://cdn.discordapp.com/icons/515691407772483591/a959fe198754cc8490be6d94e187da21.jpg','2018-11-24 06:53:33'),('540715907312254976','https://cdn.discordapp.com/icons/540715907312254976/7b3cb33adef3e9fef4a7a542b9e61bb3.jpg','2019-02-01 08:11:58');
/*!40000 ALTER TABLE `servers` ENABLE KEYS */;
UNLOCK TABLES;

--
-- Table structure for table `socialmedias`
--

DROP TABLE IF EXISTS `socialmedias`;
/*!40101 SET @saved_cs_client     = @@character_set_client */;
/*!40101 SET character_set_client = utf8 */;
CREATE TABLE `socialmedias` (
  `SocialMediaID` int(11) NOT NULL AUTO_INCREMENT,
  `Title` varchar(20) NOT NULL,
  `URL` varchar(200) NOT NULL,
  `ResourceID` int(11) NOT NULL,
  PRIMARY KEY (`SocialMediaID`),
  KEY `ResourceID` (`ResourceID`)
) ENGINE=MyISAM AUTO_INCREMENT=9 DEFAULT CHARSET=latin1;
/*!40101 SET character_set_client = @saved_cs_client */;

--
-- Dumping data for table `socialmedias`
--

LOCK TABLES `socialmedias` WRITE;
/*!40000 ALTER TABLE `socialmedias` DISABLE KEYS */;
INSERT INTO `socialmedias` VALUES (1,'Facebook','https://www.facebook.com/',1),(2,'Twitter','https://twitter.com/',2),(3,'Instagram','https://www.instagram.com/',3),(4,'Snapchat','https://www.snapchat.com/',4),(5,'YouTube','https://www.youtube.com/',5),(6,'Reddit','https://www.reddit.com/',6),(7,'LinkedIn','https://www.linkedin.com/',7),(8,'Discord','https://discordapp.com/',8);
/*!40000 ALTER TABLE `socialmedias` ENABLE KEYS */;
UNLOCK TABLES;
/*!40103 SET TIME_ZONE=@OLD_TIME_ZONE */;

/*!40101 SET SQL_MODE=@OLD_SQL_MODE */;
/*!40014 SET FOREIGN_KEY_CHECKS=@OLD_FOREIGN_KEY_CHECKS */;
/*!40014 SET UNIQUE_CHECKS=@OLD_UNIQUE_CHECKS */;
/*!40101 SET CHARACTER_SET_CLIENT=@OLD_CHARACTER_SET_CLIENT */;
/*!40101 SET CHARACTER_SET_RESULTS=@OLD_CHARACTER_SET_RESULTS */;
/*!40101 SET COLLATION_CONNECTION=@OLD_COLLATION_CONNECTION */;
/*!40111 SET SQL_NOTES=@OLD_SQL_NOTES */;

-- Dump completed on 2019-03-17 16:49:34
